Source,Target,Weight
대학,자신,257
에서,자신,131
수업,자신,101
으로,자신,215
자신,했다,159
자신,하는,138
사회,생활,340
생활,서비스,226
생활,에서,606
까지,생활,152
공부,생활,106
대학,생활,913
생활,수업,645
생활,으로,939
생활,했다,412
생활,하는,465
생활,에게,108
대학생,생활,271
경험,생활,161
생활,장학금,171
생활,하며,114
사회,서비스,133
사회,에서,480
까지,사회,150
대학,사회,1117
사회,수업,370
사회,으로,906
사회,했다,656
사회,하는,563
사회,에게,181
대학생,사회,151
사회,통계,110
사회,장학금,112
사회,이번,117
됐다,사회,116
서비스,에서,110
대학,서비스,185
서비스,수업,246
서비스,으로,183
서비스,했다,120
서비스,하는,106
대학,시간,135
시간,으로,139
시간,했다,115
공부,대학,261
공부,수업,112
공부,으로,229
공부,했다,138
공부,하는,128
공부,에서,136
수업,으로,1270
수업,했다,607
수업,하는,690
수업,에게,171
대학생,수업,206
경험,수업,177
수업,장학금,191
수업,에서,754
수업,하며,146
됐다,수업,115
시험,했다,182
시험,하는,126
시험,에서,114
시험,으로,202
으로,청년,128
대학생,했다,185
대학생,에서,275
대학생,으로,393
경험,했다,102
경험,에서,134
경험,으로,207
통계,했다,142
으로,통계,191
보고,으로,122
장학금,했다,167
에서,장학금,189
으로,장학금,326
무단,세계,155
배포,세계,155
금지,세계,155
세계,코로나,202
대면,세계,140
세계,으로,592
강의,세계,138
세계,진행,135
대학,세계,754
세계,수업,282
세계,시작,102
세계,했다,371
서울,세계,110
세계,캠퍼스,227
세계,학교,155
세계,학생,643
생활,세계,311
세계,하는,363
세계,에서,387
세계,한다,124
세계,전공,106
세계,입학,142
생각,세계,114
세계,있다,323
대학생,세계,148
비대,세계,136
19,세계,114
세계,지난해,117
교수,세계,203
세계,소통,108
세계,있는,180
까지,세계,110
세계,하고,337
세계,위해,116
세계,이다,280
세계,취업,285
세계,시대,118
세계,학과,237
세계,전국,113
세계,신입생,174
사회,세계,232
세계,역량,128
세계,지원,444
사업,세계,147
세계,전문,211
교육,세계,460
세계,혁신,145
세계,학기,101
세계,평가,182
계획,세계,108
미래,세계,124
세계,지역,177
다양한,세계,139
세계,인재,142
세계,정보,113
세계,통해,148
세계,프로그램,137
세계,양성,106
세계,직업,148
세계,온라인,123
김씨,세계,122
상황,세계,126
세계,운영,136
메타,세계,203
버스,세계,248
세계,이프,182
랜드,세계,182
SKT,세계,121
세계,플랫폼,114
세계,제공,141
서비스,세계,104
문화,세계,102
무단,배포,130
금지,무단,130
무단,코로나,176
대면,무단,101
무단,으로,491
강의,무단,105
무단,진행,106
대학,무단,645
무단,수업,212
무단,했다,307
무단,캠퍼스,183
무단,학교,121
무단,학생,540
무단,생활,249
무단,하는,299
무단,에서,312
무단,입학,109
무단,있다,259
대학생,무단,124
무단,비대,103
19,무단,100
교수,무단,174
무단,있는,144
무단,하고,273
무단,위해,100
무단,이다,223
무단,취업,228
무단,학과,201
무단,신입생,134
무단,사회,192
무단,역량,105
무단,지원,381
무단,사업,123
무단,전문,178
교육,무단,398
무단,혁신,126
무단,평가,156
무단,미래,105
무단,지역,145
다양한,무단,103
무단,인재,119
무단,통해,115
무단,프로그램,118
무단,직업,128
무단,온라인,101
김씨,무단,106
무단,상황,102
무단,운영,118
메타,무단,145
무단,버스,185
무단,이프,130
랜드,무단,130
무단,제공,120
금지,배포,130
배포,코로나,176
대면,배포,101
배포,으로,491
강의,배포,105
배포,진행,106
대학,배포,645
배포,수업,212
배포,했다,307
배포,캠퍼스,183
배포,학교,121
배포,학생,540
배포,생활,249
배포,하는,299
배포,에서,312
배포,입학,109
배포,있다,259
대학생,배포,124
배포,비대,103
19,배포,100
교수,배포,174
배포,있는,144
배포,하고,273
배포,위해,100
배포,이다,223
배포,취업,228
배포,학과,201
배포,신입생,134
배포,사회,192
배포,역량,105
배포,지원,381
배포,사업,123
배포,전문,178
교육,배포,398
배포,혁신,126
배포,평가,156
미래,배포,105
배포,지역,145
다양한,배포,103
배포,인재,119
배포,통해,115
배포,프로그램,118
배포,직업,128
배포,온라인,101
김씨,배포,106
배포,상황,102
배포,운영,118
메타,배포,145
배포,버스,185
배포,이프,130
랜드,배포,130
배포,제공,120
금지,코로나,176
금지,대면,101
금지,으로,491
강의,금지,105
금지,진행,106
금지,대학,645
금지,수업,212
금지,했다,307
금지,캠퍼스,183
금지,학교,121
금지,학생,540
금지,생활,249
금지,하는,299
금지,에서,312
금지,입학,109
금지,있다,259
금지,대학생,124
금지,비대,103
19,금지,100
교수,금지,174
금지,있는,144
금지,하고,273
금지,위해,100
금지,이다,223
금지,취업,228
금지,학과,201
금지,신입생,134
금지,사회,192
금지,역량,105
금지,지원,381
금지,사업,123
금지,전문,178
교육,금지,398
금지,혁신,126
금지,평가,156
금지,미래,105
금지,지역,145
금지,다양한,103
금지,인재,119
금지,통해,115
금지,프로그램,118
금지,직업,128
금지,온라인,101
금지,김씨,106
금지,상황,102
금지,운영,118
금지,메타,145
금지,버스,185
금지,이프,130
금지,랜드,130
금지,제공,120
위드,으로,185
대학,위드,227
수업,위드,104
에서,위드,118
위드,이다,136
메타,위드,116
버스,위드,116
위드,이프,104
랜드,위드,104
단계,대면,106
단계,으로,281
단계,대학,276
단계,수업,183
단계,했다,114
단계,캠퍼스,113
단계,학생,269
단계,생활,175
단계,하는,148
단계,에서,175
단계,있다,125
단계,코로나,104
단계,있는,109
단계,하고,136
단계,이다,161
단계,취업,157
단계,지원,174
교육,단계,155
다양한,단계,108
단계,메타,174
단계,버스,189
단계,이프,156
단계,랜드,156
SKT,단계,108
으로,일상,157
대학,일상,185
일상,학생,120
에서,일상,107
으로,회복,114
대학,회복,131
시행,으로,143
대학,시행,154
수업,시행,107
시행,학생,117
시행,에서,100
메타,시행,116
버스,시행,121
시행,이프,104
랜드,시행,104
대면,으로,747
강의,대면,185
대면,진행,169
대면,대학,822
대면,수업,478
대면,시작,104
대면,했다,320
대면,지난,156
대면,서울,123
대면,캠퍼스,216
대면,학교,216
대면,학생,379
대면,생활,373
대면,하는,385
대면,에서,460
대면,한다,116
대면,부터,150
대면,한다는,103
대면,입학,228
대면,있다,313
대면,대학생,106
대면,비대,236
대면,동기,102
대면,코로나,353
19,대면,203
대면,지난해,161
대면,소통,155
대면,확대,124
대면,실습,191
대면,있는,275
까지,대면,105
대면,하고,329
대면,위해,139
대면,이다,538
대면,취업,317
공간,대면,153
대면,학번,148
대면,전문대,102
대면,졸업,133
대면,시대,182
기업,대면,104
대면,학과,120
대면,신입생,237
"),",대면,160
대면,선린대,170
계열,대면,174
대면,사회,159
대면,실무,102
대면,예정,162
대면,역량,138
대면,지원,166
대면,전문,129
교육,대면,141
대면,학기,114
계획,대면,176
대면,지역,133
대면,장학금,108
다양한,대면,303
대면,통해,241
대면,세상,102
대면,대부분,105
대면,활동,106
대면,상황,108
대면,지속,122
대면,더욱,110
국내,대면,127
대면,행사,121
대면,이나,108
대면,메타,493
대면,버스,493
대면,이프,442
대면,랜드,442
SKT,대면,306
대면,플랫폼,214
대면,이벤트,104
대면,출시,119
대면,대표,138
대면,만의,102
대면,이용자,170
대면,서비스,142
강의,진행,129
강의,대학,643
강의,수업,327
강의,했다,335
강의,지난,105
강의,서울,101
강의,캠퍼스,190
강의,학교,151
강의,학생,422
강의,생활,264
강의,하는,347
강의,에서,345
강의,입학,145
강의,있다,293
강의,비대,156
강의,코로나,243
19,강의,147
강의,으로,568
강의,지난해,106
강의,교수,109
강의,실습,110
강의,있는,187
강의,하고,299
강의,위해,102
강의,이다,333
강의,취업,236
강의,학번,104
강의,시대,117
강의,학과,135
강의,반수,122
강의,신입생,197
강의,계열,101
강의,사회,168
강의,지원,228
강의,전문,125
강의,교육,236
강의,학기,116
강의,평가,103
강의,계획,108
강의,지역,133
강의,다양한,168
강의,통해,155
강의,상황,109
강의,메타,261
강의,버스,276
강의,이프,234
강의,랜드,234
SKT,강의,162
강의,플랫폼,128
대학,진행,458
수업,진행,303
진행,했다,225
서울,진행,105
진행,캠퍼스,191
진행,학교,147
진행,학생,431
생활,진행,270
진행,하는,240
에서,진행,271
입학,진행,145
있다,진행,195
대학생,진행,104
비대,진행,142
진행,코로나,203
19,진행,111
으로,진행,442
지난해,진행,113
교수,진행,125
소통,진행,102
실습,진행,113
있는,진행,168
진행,하고,220
이다,진행,275
진행,취업,259
시대,진행,124
진행,학과,159
신입생,진행,164
계열,진행,104
사회,진행,180
역량,진행,101
지원,진행,275
사업,진행,108
전문,진행,144
교육,진행,274
진행,평가,109
계획,진행,113
지역,진행,146
다양한,진행,162
인재,진행,104
진행,통해,136
온라인,진행,101
상황,진행,102
메타,진행,261
버스,진행,281
이프,진행,234
랜드,진행,234
SKT,진행,162
진행,플랫폼,133
수업,시작,211
수업,지난,249
서울,수업,247
수업,캠퍼스,421
수업,학교,368
수업,학생,809
대학,수업,1353
수업,자취,107
수업,한다,227
부터,수업,220
수업,전공,176
수업,한다는,152
수업,입학,374
생각,수업,182
수업,있다,563
비대,수업,386
동기,수업,158
수업,코로나,573
19,수업,321
수업,지난해,279
수업,제대로,136
교수,수업,200
소통,수업,255
수업,확대,203
수업,실습,307
수업,토로,104
수업,있는,473
수업,이후,109
수업,진자,119
교육부,수업,134
수업,지난달,136
까지,수업,185
수업,에도,138
수업,정부,151
수업,전환,111
수업,하고,629
서울대,수업,120
도입,수업,101
수업,위해,248
결과,수업,175
수업,일보,104
Segye.com,수업,104
수업,이다,848
수업,취업,595
낭만,수업,130
공간,수업,240
수업,학번,232
동아리,수업,136
수업,축제,104
선배,수업,116
대한,수업,121
수업,없다,103
수업,전문대,156
수업,졸업,245
수업,시대,317
기업,수업,165
수업,학과,282
수업,진학,146
반수,수업,130
기관,수업,108
수업,전국,124
수업,신입생,417
가운데,수업,117
수업,전체,129
수업,여명,102
"),",수업,200
수업,이를,132
수업,일자리,196
관련,수업,112
선린대,수업,260
9월,수업,122
계열,수업,281
수업,실무,156
선발,수업,116
수업,예정,251
수업,역량,235
선정,수업,113
수업,지원,439
사업,수업,201
수업,전문,269
개선,수업,105
교육,수업,442
수업,혁신,113
수업,학기,226
수업,인증,113
수업,평가,180
기준,수업,128
수업,적용,116
계획,수업,293
미래,수업,152
산업,수업,169
수업,지역,303
다양한,수업,476
수업,인재,197
수업,수준,132
수업,통해,388
능력,수업,114
수업,프로그램,121
수업,함께,154
수업,직업,134
사람,수업,151
새로운,수업,120
세상,수업,157
수업,온라인,216
수업,했지만,100
가장,수업,101
대부분,수업,162
수업,활동,153
상황,수업,223
수업,지속,191
더욱,수업,192
국내,수업,209
만족도,수업,152
대상,수업,116
수업,조사,127
수업,행사,191
수업,이나,185
때문,수업,104
수업,운영,110
수업,직접,151
방침,수업,119
메타,수업,754
버스,수업,769
수업,이프,676
랜드,수업,676
SKT,수업,468
마켓,수업,104
수업,시스템,132
수업,제작,107
수업,플랫폼,357
수업,팬미팅,104
수업,이벤트,165
버전,수업,130
수업,연내,104
수업,출시,182
글로벌,수업,160
수업,진출,113
대표,수업,223
 ◆,수업,104
수업,아바타,104
만의,수업,158
수업,있도록,144
누구,수업,107
고객,수업,131
수업,이용자,260
수업,제공,153
문화,수업,117
수업,콘텐츠,122
디바이스,수업,104
시작,했다,280
서울,시작,105
시작,캠퍼스,147
시작,학생,286
대학,시작,526
생활,시작,167
시작,하는,266
시작,에서,209
시작,한다,145
시작,있다,254
시작,코로나,215
19,시작,119
시작,으로,424
시작,있는,144
시작,하고,273
시작,이다,201
시작,취업,207
시대,시작,101
시작,학과,121
시작,신입생,122
사회,시작,188
시작,지원,199
사업,시작,112
교육,시작,282
미래,시작,110
시작,지역,150
시작,통해,120
시작,온라인,116
메타,시작,145
버스,시작,150
시작,이프,130
랜드,시작,130
시작,플랫폼,100
서울,캠퍼스,168
서울,학교,108
서울,학생,307
서울,했다,362
대학,서울,727
생활,서울,188
서울,하는,375
서울,에서,293
서울,한다,206
서울,지난,102
부터,서울,105
서울,입학,101
서울,있다,373
비대,서울,109
서울,코로나,280
19,서울,155
서울,으로,593
교수,서울,107
서울,있는,199
서울,하고,387
서울,위해,130
서울,이다,301
서울,취업,238
서울,졸업,105
서울,시대,115
서울,에게,109
서울,학과,132
서울,신입생,136
사회,서울,204
서울,지원,216
사업,서울,124
서울,전문,101
교육,서울,284
미래,서울,119
서울,지역,168
다양한,서울,126
서울,인재,103
서울,통해,166
서울,온라인,128
상황,서울,101
메타,서울,174
버스,서울,179
서울,이프,156
랜드,서울,156
SKT,서울,108
서울,플랫폼,117
대학,소재,202
소재,에서,108
소재,으로,166
소재,이다,105
학생,한국,213
한국,했다,243
대학,한국,456
하는,한국,217
에서,한국,152
한국,한다,127
있다,한국,219
코로나,한국,140
으로,한국,312
하고,한국,225
이다,한국,145
취업,한국,120
사회,한국,127
지원,한국,163
교육,한국,211
지역,한국,102
경희대,대학,180
경희대,으로,142
경희대,이다,107
캠퍼스,학교,213
캠퍼스,학생,762
캠퍼스,했다,390
대학,캠퍼스,871
생활,캠퍼스,404
캠퍼스,하는,465
에서,캠퍼스,380
캠퍼스,한다,204
지난,캠퍼스,125
부터,캠퍼스,119
전공,캠퍼스,141
입학,캠퍼스,202
생각,캠퍼스,148
있다,캠퍼스,415
대학생,캠퍼스,176
비대,캠퍼스,191
캠퍼스,코로나,345
19,캠퍼스,195
으로,캠퍼스,706
지난해,캠퍼스,166
교수,캠퍼스,242
소통,캠퍼스,145
캠퍼스,확대,108
실습,캠퍼스,150
있는,캠퍼스,275
교육부,캠퍼스,100
까지,캠퍼스,136
캠퍼스,하고,451
도입,캠퍼스,100
위해,캠퍼스,158
결과,캠퍼스,122
이다,캠퍼스,426
취업,캠퍼스,408
공간,캠퍼스,117
캠퍼스,학번,100
경험,캠퍼스,111
대한,캠퍼스,111
졸업,캠퍼스,147
시대,캠퍼스,179
에게,캠퍼스,119
캠퍼스,학과,291
진학,캠퍼스,102
입시,캠퍼스,101
전국,캠퍼스,136
신입생,캠퍼스,240
일자리,캠퍼스,134
관련,캠퍼스,104
선린대,캠퍼스,110
계열,캠퍼스,139
사회,캠퍼스,316
예정,캠퍼스,118
역량,캠퍼스,152
지원,캠퍼스,526
사업,캠퍼스,200
전문,캠퍼스,253
교육,캠퍼스,536
캠퍼스,혁신,170
캠퍼스,학기,149
캠퍼스,평가,207
계획,캠퍼스,158
미래,캠퍼스,170
산업,캠퍼스,121
지역,캠퍼스,254
장학금,캠퍼스,114
다양한,캠퍼스,210
인재,캠퍼스,187
정보,캠퍼스,125
캠퍼스,통해,187
캠퍼스,프로그램,161
양성,캠퍼스,123
직업,캠퍼스,182
사람,캠퍼스,118
온라인,캠퍼스,175
김씨,캠퍼스,130
가장,캠퍼스,117
상황,캠퍼스,170
더욱,캠퍼스,106
국내,캠퍼스,111
만족도,캠퍼스,103
조사,캠퍼스,111
이나,캠퍼스,102
때문,캠퍼스,115
운영,캠퍼스,161
메타,캠퍼스,319
버스,캠퍼스,364
이프,캠퍼스,286
랜드,캠퍼스,286
SKT,캠퍼스,181
시스템,캠퍼스,110
캠퍼스,플랫폼,182
글로벌,캠퍼스,111
대표,캠퍼스,116
있도록,캠퍼스,118
이용자,캠퍼스,110
제공,캠퍼스,173
서비스,캠퍼스,145
문화,캠퍼스,118
학교,학생,497
학교,했다,269
대학,학교,698
생활,학교,338
하는,학교,341
에서,학교,392
지난,학교,107
입학,학교,184
있다,학교,288
대학생,학교,128
비대,학교,176
코로나,학교,251
19,학교,150
으로,학교,620
지난해,학교,135
교수,학교,136
소통,학교,131
실습,학교,143
있는,학교,216
하고,학교,305
위해,학교,114
이다,학교,378
취업,학교,291
공간,학교,118
학교,학번,104
졸업,학교,105
시대,학교,143
학과,학교,174
신입생,학교,191
선린대,학교,120
계열,학교,131
사회,학교,174
예정,학교,120
역량,학교,129
지원,학교,301
사업,학교,101
전문,학교,169
교육,학교,264
평가,학교,118
계획,학교,139
지역,학교,141
다양한,학교,221
인재,학교,107
통해,학교,184
상황,학교,107
국내,학교,101
메타,학교,348
버스,학교,373
이프,학교,312
랜드,학교,312
SKT,학교,216
플랫폼,학교,159
대표,학교,109
이용자,학교,120
제공,학교,101
서비스,학교,120
학생,했다,1230
대학,학생,2296
생활,학생,1049
하는,학생,1113
주변,학생,106
에서,학생,1220
자취,학생,117
 ‘,학생,105
학생,한다,281
지난,학생,257
부터,학생,268
전공,학생,332
없이,학생,111
학생,한다는,109
새내기,학생,120
입학,학생,451
생각,학생,385
있다,학생,983
대학생,학생,563
비대,학생,381
강의실,학생,128
동기,학생,114
이런,학생,114
코로나,학생,550
19,학생,308
모든,학생,314
으로,학생,1946
지난해,학생,365
제대로,학생,103
처음,학생,148
교수,학생,774
소통,학생,358
공부,학생,186
학생,확대,246
인근,학생,120
실습,학생,282
방역,학생,118
 “,학생,168
마음,학생,152
이어,학생,149
있는,학생,536
이후,학생,208
진자,학생,100
교육부,학생,272
지난달,학생,103
까지,학생,367
같은,학생,147
기간,학생,111
에도,학생,198
정부,학생,168
전환,학생,113
하고,학생,1050
서울대,학생,121
최근,학생,168
도입,학생,202
시설,학생,161
하기,학생,126
위해,학생,390
결과,학생,282
학생,해야,152
일보,학생,277
Segye.com,학생,277
이다,학생,817
취업,학생,916
공간,학생,253
학번,학생,184
동아리,학생,177
경험,학생,274
선배,학생,133
대한,학생,231
전문대,학생,114
졸업,학생,259
시대,학생,334
에게,학생,282
기업,학생,137
얼마나,학생,108
청년,학생,127
학과,학생,887
진학,학생,222
반수,학생,142
입시,학생,336
기관,학생,179
분석,학생,135
전국,학생,401
신입생,학생,517
가운데,학생,202
됐다,학생,213
학생,합격,300
전체,학생,211
여명,학생,171
비율,학생,115
"),",학생,142
통계,학생,115
최고,학생,103
기록,학생,165
일자리,학생,248
관련,학생,289
예산,학생,102
선린대,학생,190
밝혔다,학생,176
계열,학생,270
사회,학생,736
실무,학생,114
선발,학생,240
예정,학생,263
  ,학생,255
주기,학생,108
역량,학생,442
선정,학생,156
지원,학생,1725
국가,학생,217
사업,학생,494
참여,학생,229
특히,학생,106
에서는,학생,221
전문,학생,801
개선,학생,212
교육,학생,1634
학생,혁신,573
학기,학생,288
품질,학생,108
인증,학생,213
평가,학생,682
면접,학생,111
수능,학생,116
기준,학생,190
적용,학생,166
영역,학생,262
이며,학생,110
하며,학생,196
계획,학생,320
또한,학생,206
미래,학생,397
산업,학생,307
하나,학생,109
지역,학생,558
맞춤,학생,363
경찰,학생,306
학생,행정,108
대비,학생,158
장학금,학생,251
다양한,학생,403
제도,학생,139
마련,학생,103
인재,학생,498
육성,학생,158
일부,학생,169
전원,학생,117
발표,학생,119
정보,학생,472
대구,학생,105
수준,학생,193
통해,학생,424
인성,학생,136
학생,현장,199
능력,학생,154
창의,학생,222
프로그램,학생,553
학생,핵심,168
양성,학생,418
등록금,학생,136
학생,환경,297
복지,학생,291
재정,학생,124
집중,학생,197
학생,함께,177
직업,학생,546
접수,학생,202
된다,학생,189
학생,해서,114
수험생,학생,158
시절,학생,231
이야기,학생,136
사람,학생,382
세상,학생,114
처럼,학생,100
이었다,학생,292
사태,학생,101
온라인,학생,356
김씨,학생,530
1년,학생,118
인지,학생,111
학생,했지만,120
가장,학생,295
대부분,학생,122
학생,활동,110
보고,학생,113
상황,학생,402
지속,학생,189
이번,학생,253
물론,학생,102
연속,학생,143
더욱,학생,185
국내,학생,247
경우,학생,143
학생,현재,200
다른,학생,151
만족도,학생,197
대상,학생,154
조사,학생,207
점수,학생,117
라고,학생,132
학생,행사,149
시간,학생,149
학생,호소,101
진로,학생,127
상담,학생,288
이나,학생,158
도움,학생,256
때문,학생,328
이유,학생,114
면허,학생,101
자격증,학생,183
있다는,학생,108
운영,학생,532
많은,학생,117
관리,학생,156
영상,학생,295
만큼,학생,191
직접,학생,168
강화,학생,174
방침,학생,100
메타,학생,551
버스,학생,756
기자,학생,347
이프,학생,494
랜드,학생,494
SKT,학생,342
시스템,학생,274
제작,학생,117
플랫폼,학생,308
이벤트,학생,130
선도,학생,254
출시,학생,133
글로벌,학생,305
대표,학생,250
만의,학생,137
있도록,학생,259
누구,학생,117
자신,학생,184
이용,학생,165
고객,학생,124
이용자,학생,190
만들어,학생,105
제공,학생,547
모두,학생,222
서비스,학생,330
지향,학생,101
주도,학생,224
역할,학생,230
문화,학생,409
주관,학생,191
학생,현실,102
콘텐츠,학생,115
"’,",학생,165
학생,확장,139
기기,학생,142
학생,해외,224
채널,학생,332
동안,학생,180
중심,학생,321
대학교,학생,213
기반,학생,190
이제,학생,124
노력,학생,123
대학,분위기,144
분위기,으로,109
대학,이제야,173
으로,이제야,142
이다,이제야,102
생활,한다,116
생활,지난,156
부터,생활,126
생활,전공,167
생활,한다는,104
생활,입학,337
생각,생활,182
생활,있다,415
비대,생활,316
동기,생활,128
생활,코로나,314
19,생활,194
모든,생활,132
생활,지난해,251
생활,제대로,107
교수,생활,292
생활,소통,249
생활,확대,183
생활,실습,254
생활,있는,344
교육부,생활,147
생활,지난달,107
생활,정부,132
생활,하고,439
생활,위해,160
결과,생활,164
생활,이다,523
생활,취업,545
낭만,생활,105
공간,생활,215
생활,학번,177
동아리,생활,131
생활,선배,102
생활,전문대,126
생활,졸업,188
생활,시대,256
기업,생활,134
생활,학과,372
생활,진학,130
생활,입시,121
기관,생활,101
생활,전국,159
생활,신입생,341
가운데,생활,110
생활,합격,125
생활,전체,110
생활,일자리,153
관련,생활,121
생활,선린대,210
계열,생활,236
생활,실무,126
생활,선발,136
생활,예정,198
생활,역량,263
생활,지원,669
사업,생활,201
생활,전문,360
개선,생활,112
교육,생활,603
생활,혁신,197
생활,학기,163
생활,인증,129
생활,평가,264
기준,생활,120
생활,적용,112
생활,영역,128
계획,생활,253
미래,생활,141
산업,생활,172
생활,지역,266
맞춤,생활,130
경찰,생활,112
다양한,생활,363
생활,인재,218
생활,정보,179
생활,수준,106
생활,통해,274
생활,프로그램,205
생활,양성,148
생활,환경,125
복지,생활,123
생활,함께,110
생활,직업,189
사람,생활,196
생활,세상,127
생활,온라인,175
김씨,생활,198
가장,생활,109
대부분,생활,129
생활,활동,112
상황,생활,202
생활,지속,165
더욱,생활,149
국내,생활,182
만족도,생활,122
대상,생활,100
생활,행사,152
상담,생활,106
생활,이나,123
때문,생활,118
생활,운영,184
생활,영상,110
생활,직접,128
메타,생활,609
버스,생활,674
기자,생활,107
생활,이프,546
랜드,생활,546
SKT,생활,358
생활,시스템,133
생활,플랫폼,277
생활,이벤트,131
버전,생활,105
생활,출시,147
글로벌,생활,173
대표,생활,199
만의,생활,122
생활,있도록,106
생활,이용자,210
생활,제공,218
문화,생활,174
생활,채널,136
생활,중심,117
에서,주변,112
대학,주변,205
으로,주변,169
이다,주변,108
대학,자취,218
에서,자취,118
으로,자취,183
이다,자취,127
메타,자취,116
버스,자취,121
이프,자취,104
랜드,자취,104
대학,몇몇,120
대학,전공,473
에서,전공,221
있다,전공,190
전공,했다,279
전공,코로나,163
으로,전공,414
교수,전공,113
전공,하는,229
있는,전공,127
전공,하고,242
이다,전공,192
전공,취업,193
전공,학과,138
신입생,전공,105
사회,전공,180
전공,지원,242
사업,전공,110
전공,전문,111
교육,전공,312
미래,전공,106
전공,지역,140
전공,직업,100
온라인,전공,105
메타,전공,116
버스,전공,131
이프,전공,104
랜드,전공,104
대학,수강,137
수강,으로,117
대학,이하,113
언어,으로,140
대학,언어,171
언어,이다,102
새내기,으로,123
대학,새내기,163
김모,대학,102
입학,있다,249
대학생,입학,122
입학,했다,207
비대,입학,182
에서,입학,333
입학,코로나,210
19,입학,128
으로,입학,528
입학,지난해,137
교수,입학,112
소통,입학,135
입학,하는,275
입학,확대,102
대학,입학,521
실습,입학,151
입학,있는,216
입학,지난,102
입학,하고,274
이다,입학,345
입학,취업,285
공간,입학,125
입학,학번,108
입학,졸업,105
시대,입학,146
입학,학과,156
신입생,입학,187
선린대,입학,130
계열,입학,138
사회,입학,155
예정,입학,118
역량,입학,130
입학,지원,262
입학,전문,157
교육,입학,217
입학,평가,101
계획,입학,144
입학,지역,127
다양한,입학,230
입학,통해,183
국내,입학,103
메타,입학,377
버스,입학,397
이프,입학,338
랜드,입학,338
SKT,입학,234
입학,플랫폼,166
대표,입학,114
이용자,입학,130
서비스,입학,122
생각,있다,182
생각,했다,204
생각,에서,203
생각,코로나,143
생각,으로,327
교수,생각,125
생각,하는,215
대학,생각,387
생각,있는,114
생각,하고,200
생각,이다,173
생각,취업,185
생각,학과,144
생각,신입생,114
사회,생각,154
생각,지원,269
사업,생각,100
생각,전문,123
교육,생각,280
생각,평가,112
생각,지역,122
메타,생각,116
버스,생각,141
생각,이프,104
랜드,생각,104
대학생,코로나,107
교수,대학생,175
대학생,하는,210
대학,대학생,474
대학생,있다,207
대학생,있는,119
대학생,하고,199
대학생,이다,204
대학생,취업,221
대학생,학과,206
대학생,신입생,116
대학생,역량,114
대학생,지원,402
대학생,사업,101
대학생,전문,194
교육,대학생,346
대학생,혁신,129
대학생,평가,155
대학생,지역,115
다양한,대학생,117
대학생,인재,111
대학생,정보,114
대학생,통해,105
대학생,프로그램,130
대학생,직업,116
대학생,사람,100
김씨,대학생,132
대학생,운영,119
대학생,메타,174
대학생,버스,224
대학생,이프,156
대학생,랜드,156
SKT,대학생,108
대학생,제공,128
대학생,문화,100
에서,이모,118
이모,코로나,111
으로,이모,214
이모,하는,122
이모,했다,119
대학,이모,267
이모,있다,120
이모,하고,121
이다,이모,129
비대,에서,312
비대,코로나,193
19,비대,118
비대,으로,504
비대,지난해,135
비대,소통,127
비대,하는,271
비대,확대,102
비대,했다,239
대학,비대,458
비대,실습,150
비대,있다,231
비대,있는,195
비대,하고,239
비대,이다,318
비대,취업,272
공간,비대,119
비대,학번,116
비대,졸업,118
비대,시대,152
비대,학과,126
비대,신입생,204
비대,선린대,130
계열,비대,140
비대,사회,167
비대,예정,105
비대,역량,125
비대,지원,190
비대,전문,126
교육,비대,213
비대,학기,102
계획,비대,141
비대,지역,131
다양한,비대,214
비대,통해,166
비대,상황,102
국내,비대,102
메타,비대,377
버스,비대,382
비대,이프,338
랜드,비대,338
SKT,비대,213
비대,플랫폼,171
대표,비대,109
비대,이용자,130
비대,서비스,119
강의실,으로,106
강의실,대학,145
동기,으로,214
동기,하는,102
대학,동기,201
동기,에서,139
동기,이다,151
동기,취업,102
다양한,동기,104
동기,메타,174
동기,버스,174
동기,이프,156
동기,랜드,156
SKT,동기,108
신종,으로,147
대학,신종,164
으로,코로나바이러스,147
대학,코로나바이러스,164
감염증,으로,147
감염증,대학,164
모든,으로,224
교수,모든,100
모든,하는,124
모든,했다,137
대학,모든,284
모든,있다,112
모든,에서,154
모든,취업,103
모든,학과,115
모든,지원,230
모든,전문,107
교육,모든,215
으로,지난해,472
교수,지난해,102
지난해,하는,277
지난해,했다,244
대학,지난해,489
실습,지난해,110
지난해,코로나,160
있다,지난해,246
있는,지난해,169
에서,지난해,285
지난해,하고,267
이다,지난해,258
지난해,취업,236
시대,지난해,118
지난해,학과,137
신입생,지난해,143
계열,지난해,102
사회,지난해,156
지난해,지원,231
전문,지난해,127
교육,지난해,234
계획,지난해,108
지난해,지역,126
다양한,지난해,163
지난해,통해,146
메타,지난해,261
버스,지난해,276
이프,지난해,234
랜드,지난해,234
SKT,지난해,152
지난해,플랫폼,128
대학,스페인어,114
대학,회화,114
대학,제대로,205
에서,제대로,124
으로,제대로,187
이다,제대로,142
메타,제대로,145
버스,제대로,145
이프,제대로,130
랜드,제대로,130
처음,했다,100
대학,처음,182
으로,처음,138
지원,처음,105
교육,처음,121
교수,하는,470
교수,했다,547
교수,대학,919
교수,코로나,193
교수,부터,116
교수,있다,463
교수,있는,179
교수,에서,433
19,교수,106
교수,까지,130
교수,으로,736
교수,하고,468
교수,위해,164
교수,한다,150
교수,일보,113
Segye.com,교수,113
교수,이다,240
교수,취업,289
교수,에게,123
교수,학과,302
교수,입시,114
교수,전국,141
교수,신입생,135
교수,됐다,100
교수,사회,261
교수,역량,120
교수,지원,595
교수,사업,183
교수,전문,259
교수,교육,581
교수,혁신,206
교수,평가,230
교수,미래,158
교수,지역,202
교수,맞춤,123
경찰,교수,101
교수,인재,175
교수,정보,155
교수,통해,165
교수,프로그램,192
교수,양성,148
교수,직업,203
교수,사람,113
교수,이었다,117
교수,온라인,133
교수,김씨,174
가장,교수,115
교수,상황,131
교수,이번,101
교수,상담,105
교수,때문,116
교수,운영,192
교수,버스,157
교수,기자,152
교수,있도록,108
교수,제공,189
교수,문화,130
교수,채널,105
교수,중심,112
소통,하는,133
소통,했다,161
대학,소통,265
소통,실습,105
소통,있다,142
소통,에서,189
소통,으로,267
소통,하고,127
소통,이다,124
소통,취업,203
소통,시대,101
소통,학과,125
소통,신입생,128
사회,소통,112
소통,역량,101
소통,지원,218
소통,전문,126
교육,소통,184
계획,소통,101
다양한,소통,100
메타,소통,261
버스,소통,281
소통,이프,234
랜드,소통,234
소통,플랫폼,113
공부,있다,111
공부,하고,115
공부,이다,116
공부,지원,121
공부,교육,131
대학,역시,133
역시,으로,112
했다,확대,164
하는,확대,166
대학,확대,357
코로나,확대,109
있다,확대,146
에서,확대,196
으로,확대,314
하고,확대,148
이다,확대,189
취업,확대,151
신입생,확대,105
지원,확대,138
교육,확대,126
다양한,확대,106
메타,확대,203
버스,확대,213
이프,확대,182
랜드,확대,182
걱정,대학,115
걱정,으로,106
대학,인근,169
으로,인근,136
대학,식당,127
대학,카페,128
실습,코로나,147
실습,있다,183
실습,했다,157
실습,있는,177
실습,에서,271
실습,으로,419
대학,실습,365
실습,하고,214
실습,이다,290
실습,취업,224
실습,하는,223
공간,실습,101
시대,실습,123
신입생,실습,147
선린대,실습,110
계열,실습,115
사회,실습,118
실습,지원,150
실습,전문,101
교육,실습,130
계획,실습,118
다양한,실습,196
실습,통해,152
메타,실습,319
버스,실습,324
실습,이프,286
랜드,실습,286
SKT,실습,198
실습,플랫폼,142
실습,이용자,110
대학,이전,122
으로,중인,109
대학,중인,135
방역,으로,158
대학,방역,180
방역,취업,105
교육,방역,137
마음,으로,134
대학,마음,170
으로,토로,117
메타,토로,116
버스,토로,116
이프,토로,104
랜드,토로,104
에서,이후,122
이후,코로나,106
으로,이후,241
이후,했다,178
대학,이후,303
이후,하고,160
이후,있다,153
이다,이후,106
이후,취업,123
이후,하는,153
사회,이후,115
이후,지원,156
교육,이후,189
방문,으로,100
대학,방문,106
진자,코로나,101
으로,진자,209
진자,했다,100
대학,진자,257
진자,하고,101
에서,진자,122
이다,진자,152
진자,하는,111
메타,진자,116
버스,진자,116
이프,진자,104
랜드,진자,104
검사,대학,114
교육부,으로,282
교육부,했다,155
교육부,대학,332
교육부,하고,160
교육부,있다,149
교육부,에서,166
교육부,이다,139
교육부,취업,133
교육부,하는,157
교육부,학과,102
교육부,지원,191
교육,교육부,172
교육부,메타,116
교육부,버스,136
교육부,이프,104
교육부,랜드,104
지난달,코로나,106
으로,지난달,231
대학,지난달,290
지난달,하고,103
있다,지난달,100
에서,지난달,143
이다,지난달,176
지난달,하는,119
메타,지난달,145
버스,지난달,145
이프,지난달,130
랜드,지난달,130
기간,대학,201
기간,하고,104
기간,하는,103
기간,으로,166
대학,증가,142
으로,증가,110
정부,코로나,102
정부,하고,130
있다,정부,116
에서,정부,167
정부,했다,126
대학,정부,308
이다,정부,160
정부,취업,126
정부,하는,139
으로,정부,269
정부,지원,106
교육,정부,108
메타,정부,145
버스,정부,150
이프,정부,130
랜드,정부,130
대학,전환,178
이다,전환,103
전환,하는,102
으로,전환,166
고려대,대학,213
고려대,으로,158
고려대,하고,100
대학,미만,110
대학,대학원,201
대학원,으로,157
강좌,대학,110
대학,서강대,104
서울대,했다,135
대학,서울대,243
서울대,이다,133
서울대,하는,137
서울대,코로나,101
서울대,으로,206
서울대,있다,119
서울대,하고,123
서울대,에서,117
대학,성균관대,110
대학,숭실대,110
최근,했다,130
대학,최근,265
최근,하는,131
으로,최근,197
있다,최근,134
최근,하고,132
지원,최근,126
교육,최근,137
백신,접종,178
대학,접종,110
으로,접종,119
대학,증명,103
대학,음성,141
으로,음성,116
대학,확인,170
으로,확인,136
도입,했다,230
도입,한다,106
대학,도입,379
도입,이다,139
도입,취업,138
도입,하는,195
도입,코로나,143
도입,으로,285
도입,있다,167
도입,하고,206
도입,사회,158
도입,에서,130
도입,지원,166
교육,도입,258
도입,미래,105
도입,지역,125
대학,시설,119
시설,지원,112
대학,예방,114
백신,으로,105
결과,대학,320
결과,이다,171
결과,취업,168
결과,하는,176
결과,코로나,107
결과,으로,307
결과,있다,149
결과,학과,111
결과,했다,148
결과,하고,171
결과,사회,124
결과,에서,184
결과,지원,196
결과,교육,200
결과,지역,101
결과,있는,107
결과,메타,145
결과,버스,160
결과,이프,130
결과,랜드,130
대학,제출,119
취업,하는,524
공간,취업,171
이다,취업,472
취업,코로나,327
19,취업,164
취업,학번,137
동아리,취업,103
경험,취업,140
으로,취업,970
대한,취업,102
취업,한다,161
전문대,취업,102
대학,취업,950
졸업,취업,217
시대,취업,263
에게,취업,146
기업,취업,116
있다,취업,438
취업,학과,363
진학,취업,142
위해,취업,173
입시,취업,113
전국,취업,172
신입생,취업,315
가운데,취업,112
취업,합격,102
전체,취업,111
비율,취업,101
취업,했다,546
취업,통계,101
취업,하고,529
일자리,취업,192
관련,취업,126
일보,취업,101
Segye.com,취업,101
선린대,취업,170
부터,취업,118
까지,취업,148
계열,취업,207
사회,취업,420
실무,취업,102
에서,취업,578
선발,취업,104
예정,취업,175
역량,취업,204
지원,취업,635
국가,취업,104
사업,취업,259
참여,취업,114
전문,취업,315
개선,취업,106
교육,취업,662
취업,혁신,200
취업,학기,192
취업,평가,245
기준,취업,114
취업,하며,119
계획,취업,232
미래,취업,221
산업,취업,163
지역,취업,343
맞춤,취업,103
장학금,취업,162
다양한,취업,313
인재,취업,243
정보,취업,138
수준,취업,130
취업,통해,291
능력,취업,103
창의,취업,114
취업,프로그램,189
양성,취업,145
취업,환경,107
취업,함께,118
직업,취업,224
사람,취업,148
있는,취업,336
세상,취업,102
온라인,취업,241
김씨,취업,142
지난,취업,165
가장,취업,152
대부분,취업,103
상황,취업,220
지속,취업,128
이번,취업,107
더욱,취업,158
국내,취업,151
만족도,취업,147
조사,취업,155
취업,행사,133
상담,취업,118
때문,취업,133
운영,취업,191
직접,취업,122
메타,취업,493
버스,취업,538
기자,취업,135
이프,취업,442
랜드,취업,442
SKT,취업,306
시스템,취업,148
취업,플랫폼,274
이벤트,취업,116
출시,취업,119
글로벌,취업,149
대표,취업,168
만의,취업,109
있도록,취업,115
자신,취업,108
고객,취업,110
이용자,취업,170
제공,취업,211
모두,취업,114
서비스,취업,205
역할,취업,114
문화,취업,137
중심,취업,114
대학,전락,108
낭만,이다,117
낭만,으로,160
낭만,대학,159
낭만,에서,101
낭만,메타,145
낭만,버스,145
낭만,이프,130
낭만,랜드,130
공간,이다,141
공간,으로,206
공간,대학,154
공간,있다,101
공간,신입생,114
공간,에서,175
공간,지원,136
공간,다양한,133
공간,메타,261
공간,버스,271
공간,이프,234
공간,랜드,234
SKT,공간,129
공간,플랫폼,108
이다,학번,228
으로,학번,303
하는,학번,155
코로나,학번,120
대학,학번,315
있다,학번,132
신입생,학번,124
학번,했다,105
하고,학번,138
에서,학번,203
다양한,학번,140
통해,학번,105
있는,학번,117
메타,학번,232
버스,학번,232
이프,학번,208
랜드,학번,208
SKT,학번,144
동아리,이다,124
동아리,으로,218
동아리,하는,101
대학,동아리,196
동아리,에서,145
동아리,지원,104
동아리,메타,145
동아리,버스,155
동아리,이프,130
동아리,랜드,130
메타,축제,116
버스,축제,116
이프,축제,104
랜드,축제,104
경험,이다,115
경험,하는,122
경험,대학,228
경험,있다,116
경험,신입생,102
경험,하고,112
경험,지원,166
경험,교육,156
경험,메타,145
경험,버스,160
경험,이프,130
경험,랜드,130
대학,비극,102
대학,선배,152
선배,으로,159
선배,에서,103
메타,선배,116
버스,선배,121
선배,이프,104
랜드,선배,104
대학,처지,120
으로,처지,119
대학,전문대,124
이다,전문대,132
으로,전문대,157
에서,전문대,120
다양한,전문대,104
메타,전문대,174
버스,전문대,174
이프,전문대,156
랜드,전문대,156
SKT,전문대,108
시대,졸업,114
이다,졸업,198
졸업,하는,179
으로,졸업,321
있다,졸업,142
대학,졸업,293
졸업,학과,109
신입생,졸업,130
졸업,했다,173
졸업,하고,195
졸업,코로나,148
사회,졸업,176
에서,졸업,186
졸업,지원,167
사업,졸업,100
교육,졸업,238
졸업,지역,142
다양한,졸업,124
졸업,통해,111
있는,졸업,138
온라인,졸업,109
메타,졸업,203
버스,졸업,203
이프,졸업,182
랜드,졸업,182
SKT,졸업,126
졸업,플랫폼,119
시대,이다,166
시대,하는,159
시대,으로,282
시대,있다,139
대학,시대,248
시대,학과,131
시대,신입생,161
시대,했다,149
시대,하고,159
시대,코로나,104
선린대,시대,100
계열,시대,114
사회,시대,183
시대,에서,166
시대,지원,205
사업,시대,103
시대,전문,116
교육,시대,239
계획,시대,120
시대,지역,150
다양한,시대,120
시대,있는,109
시대,온라인,110
메타,시대,290
버스,시대,295
시대,이프,260
랜드,시대,260
SKT,시대,109
시대,플랫폼,150
시대,이용자,100
서비스,시대,102
기업,으로,151
기업,대학,153
기업,에서,101
기업,메타,174
기업,버스,174
기업,이프,156
기업,랜드,156
교육,얼마나,105
대학,여기,103
대학,채용,104
대학,청년,164
교육,청년,110
위해,학과,153
입시,학과,125
대학,학과,880
전국,학과,162
신입생,학과,175
으로,학과,746
학과,합격,111
학과,했다,449
있다,학과,345
하고,학과,399
일자리,학과,108
관련,학과,110
이다,학과,297
코로나,학과,210
일보,학과,108
Segye.com,학과,108
까지,학과,150
사회,학과,308
에서,학과,451
  ,학과,121
역량,학과,155
지원,학과,669
사업,학과,209
전문,학과,301
교육,학과,658
학과,혁신,227
학과,학기,108
평가,학과,258
하는,학과,405
계획,학과,117
미래,학과,178
산업,학과,117
지역,학과,239
맞춤,학과,135
경찰,학과,111
다양한,학과,125
인재,학과,203
에게,학과,124
정보,학과,171
통해,학과,142
프로그램,학과,213
양성,학과,164
학과,환경,109
복지,학과,104
직업,학과,226
사람,학과,135
있는,학과,192
이었다,학과,123
19,학과,107
온라인,학과,157
김씨,학과,192
가장,학과,129
상황,학과,155
이번,학과,113
상담,학과,117
때문,학과,126
운영,학과,212
영상,학과,109
메타,학과,174
버스,학과,249
기자,학과,148
이프,학과,156
랜드,학과,156
SKT,학과,108
시스템,학과,112
플랫폼,학과,117
글로벌,학과,112
있도록,학과,119
제공,학과,213
서비스,학과,122
문화,학과,147
채널,학과,119
중심,학과,123
대학,진학,386
으로,진학,317
진학,했다,186
있다,진학,188
진학,하고,203
이다,진학,173
진학,코로나,119
사회,진학,110
에서,진학,180
지원,진학,156
교육,진학,170
진학,하는,190
진학,통해,102
있는,진학,108
메타,진학,116
버스,진학,126
이프,진학,104
랜드,진학,104
대학,반수,176
반수,신입생,115
반수,으로,108
대학,입시,344
으로,입시,233
입시,했다,148
입시,있다,163
입시,하고,154
사회,입시,108
에서,입시,134
입시,지원,248
입시,전문,108
교육,입시,248
입시,평가,100
입시,하는,149
기관,대학,190
기관,으로,182
기관,에서,118
기관,지원,118
교육,기관,117
분석,으로,163
대학,분석,184
분석,하고,100
교육,분석,112
분석,하는,105
으로,전국,385
대학,전국,517
전국,했다,286
있다,전국,219
전국,하고,241
이다,전국,147
전국,코로나,129
사회,전국,170
에서,전국,208
전국,지원,307
사업,전국,111
전국,전문,134
교육,전국,352
전국,혁신,107
전국,평가,123
전국,하는,224
미래,전국,104
전국,지역,129
인재,전국,101
전국,직업,116
있는,전국,102
운영,전국,101
신입생,으로,718
대학,신입생,849
신입생,했다,415
신입생,있다,386
신입생,하고,415
신입생,일자리,105
신입생,이다,419
신입생,코로나,292
선린대,신입생,120
부터,신입생,107
까지,신입생,106
계열,신입생,137
사회,신입생,229
신입생,에서,431
신입생,예정,110
신입생,역량,128
신입생,지원,288
사업,신입생,129
신입생,전문,160
교육,신입생,327
신입생,학기,140
신입생,평가,128
신입생,하는,417
신입생,한다,169
계획,신입생,144
미래,신입생,107
신입생,지역,180
다양한,신입생,218
신입생,위해,137
신입생,인재,119
신입생,에게,113
신입생,통해,230
신입생,있는,253
19,신입생,191
신입생,온라인,131
신입생,지난,132
상황,신입생,137
국내,신입생,110
신입생,이나,139
메타,신입생,348
버스,신입생,363
신입생,이프,312
랜드,신입생,312
SKT,신입생,208
신입생,플랫폼,174
대표,신입생,108
신입생,이용자,120
서비스,신입생,125
가운데,으로,253
가운데,대학,294
가운데,했다,162
가운데,있다,122
가운데,하고,133
가운데,이다,116
가운데,에서,148
가운데,지원,137
가운데,교육,158
가운데,하는,140
대학,합격,386
합격,했다,227
있다,합격,171
하고,합격,165
에서,합격,210
으로,합격,329
지원,합격,223
전문,합격,103
교육,합격,185
하는,합격,175
대학,전체,271
전체,했다,131
있다,전체,109
전체,하고,123
이다,전체,114
에서,전체,134
으로,전체,214
전체,지원,133
교육,전체,146
전체,하는,132
대학,중도,103
대학,여명,187
여명,했다,107
여명,으로,155
여명,지원,118
교육,여명,115
대학,비율,360
비율,했다,188
비율,있다,190
비율,하고,204
비율,이다,116
비율,코로나,130
비율,사회,109
비율,에서,111
비율,으로,255
교육,비율,155
비율,하는,180
비율,한다,118
연세대,있다,134
연세대,하고,143
대학,연세대,256
연세대,으로,187
교육,연세대,105
연세대,하는,128
연세대,했다,128
고용,대학,103
통계,하고,145
있다,통계,127
코로나,통계,103
대학,통계,260
교육,통계,155
통계,하는,130
대학,최고,188
으로,최고,157
기록,대학,151
기록,으로,113
기록,지원,122
교육,기록,119
대학,문재인,151
문재인,으로,114
이다,일자리,174
일자리,코로나,143
사회,일자리,161
에서,일자리,179
대학,일자리,384
으로,일자리,319
일자리,지원,177
교육,일자리,225
일자리,하는,182
일자리,지역,133
일자리,하고,172
일자리,있다,136
일자리,했다,170
일자리,있는,120
메타,일자리,145
버스,일자리,150
이프,일자리,130
랜드,일자리,130
관련,이다,107
관련,사회,118
관련,에서,170
관련,대학,330
관련,으로,277
관련,지원,207
관련,교육,228
관련,하는,169
관련,하고,167
관련,있다,153
관련,했다,196
대학,예산,169
예산,으로,137
교육,예산,110
대학,양극화,119
경북,대학,139
경북,으로,125
대학,포항,127
으로,포항,115
계열,선린대,100
선린대,에서,232
선린대,이다,240
대학,선린대,390
선린대,으로,371
선린대,하는,166
계획,선린대,100
다양한,선린대,174
선린대,하고,163
선린대,있다,136
선린대,했다,108
선린대,통해,140
선린대,있는,150
선린대,코로나,150
19,선린대,100
메타,선린대,290
버스,선린대,290
선린대,이프,260
랜드,선린대,260
SKT,선린대,180
선린대,플랫폼,120
선린대,이용자,100
대학,수시,134
수시,으로,119
모집,으로,103
간호,으로,102
대학,보건,123
보건,으로,121
계열,사회,115
계열,에서,257
계열,이다,269
계열,대학,454
계열,으로,414
계열,지원,145
계열,교육,139
계열,하는,206
계열,계획,108
계열,다양한,181
계열,하고,211
계열,있다,168
계열,했다,157
계열,통해,153
계열,있는,168
계열,코로나,172
19,계열,109
계열,메타,290
계열,버스,295
계열,이프,260
계열,랜드,260
SKT,계열,180
계열,플랫폼,130
계열,이용자,100
사회,이다,358
사회,역량,131
부터,사회,125
사회,지원,547
사업,사회,256
사회,참여,117
사회,전문,240
교육,사회,695
사회,혁신,190
사회,학기,171
사회,평가,223
사회,한다,257
계획,사회,135
미래,사회,249
사회,산업,114
사회,지역,321
다양한,사회,146
사회,하고,571
사회,있다,510
사회,위해,194
사회,인재,217
사회,정보,103
사회,수준,119
사회,통해,217
사회,창의,113
사회,프로그램,159
사회,양성,135
사회,직업,231
사회,일보,114
Segye.com,사회,114
사회,있는,275
사회,코로나,368
19,사회,199
사회,온라인,239
사회,지난,153
사회,에도,102
가장,사회,154
대한,사회,131
사회,상황,192
더욱,사회,114
만족도,사회,120
사회,조사,157
사회,상담,110
사회,이나,119
때문,사회,133
사회,운영,183
메타,사회,203
버스,사회,238
기자,사회,156
사회,이프,182
랜드,사회,182
SKT,사회,121
사회,시스템,135
사회,플랫폼,169
글로벌,사회,105
사회,있도록,164
사회,제공,176
모두,사회,113
사회,역할,115
사회,중심,102
실무,에서,118
실무,이다,131
대학,실무,118
실무,으로,165
다양한,실무,103
메타,실무,174
버스,실무,174
실무,이프,156
랜드,실무,156
SKT,실무,108
대학,선발,205
선발,에서,111
선발,으로,176
선발,지원,160
교육,선발,120
메타,선발,116
버스,선발,136
선발,이프,104
랜드,선발,104
대학,주기,126
에서,역량,328
대학,역량,558
역량,으로,496
역량,지원,283
역량,전문,153
교육,역량,271
역량,평가,114
역량,하는,256
역량,이다,224
다양한,역량,150
역량,하고,253
역량,있다,224
역량,했다,277
역량,통해,144
역량,있는,146
역량,코로나,123
메타,역량,232
버스,역량,262
역량,이프,208
랜드,역량,208
SKT,역량,144
역량,플랫폼,101
국가,지원,158
사업,지원,384
지원,참여,182
됐다,지원,133
대학,지원,1434
에서는,지원,163
전문,지원,585
개선,지원,150
교육,지원,1259
지원,혁신,453
으로,지원,1163
지원,학기,177
인증,지원,134
지원,평가,509
  ,지원,158
지원,하는,685
기준,지원,126
지원,한다,160
영역,지원,184
지원,하며,117
계획,지원,191
이다,지원,379
또한,지원,154
미래,지원,322
산업,지원,213
에서,지원,718
예정,지원,143
지역,지원,421
맞춤,지원,279
경찰,지원,232
대비,지원,111
장학금,지원,160
다양한,지원,200
제도,지원,103
지원,하고,697
있다,지원,645
위해,지원,245
인재,지원,379
육성,지원,119
일부,지원,112
에게,지원,177
정보,지원,351
지원,했다,823
수준,지원,134
지원,통해,251
지원,현장,151
능력,지원,102
지원,창의,179
지원,프로그램,428
지원,핵심,115
양성,지원,327
지원,환경,212
복지,지원,211
재정,지원,100
지원,집중,152
지원,함께,104
지원,직업,437
접수,지원,145
된다,지원,113
일보,지원,180
Segye.com,지원,180
수험생,지원,106
시절,지원,171
사람,지원,264
있는,지원,308
이었다,지원,198
지원,코로나,265
19,지원,136
온라인,지원,268
김씨,지원,400
지난,지원,124
에도,지원,122
까지,지원,234
가장,지원,242
대한,지원,161
상황,지원,277
이번,지원,189
더욱,지원,111
국내,지원,135
지원,현재,145
같은,지원,100
만족도,지원,139
조사,지원,168
시간,지원,100
상담,지원,228
도움,지원,198
때문,지원,244
지원,해야,101
자격증,지원,136
운영,지원,421
관리,지원,121
영상,지원,221
만큼,지원,136
지원,직접,102
강화,지원,134
부터,지원,148
메타,지원,232
버스,지원,392
기자,지원,253
이프,지원,208
랜드,지원,208
SKT,지원,144
시스템,지원,201
지원,플랫폼,171
선도,지원,189
글로벌,지원,204
대표,지원,143
밝혔다,지원,117
있도록,지원,160
자신,지원,140
이용,지원,123
제공,지원,419
모두,지원,179
서비스,지원,208
주도,지원,168
역할,지원,179
문화,지원,295
주관,지원,136
"’,",지원,119
기기,지원,104
지원,해외,170
지원,채널,243
동안,지원,136
중심,지원,246
대학교,지원,157
기반,지원,149
이제,지원,100
국가,대학,210
교육,국가,164
국가,으로,191
국가,하는,115
국가,에서,113
국가,하고,114
국가,했다,130
대학,사업,397
사업,전문,162
교육,사업,456
사업,혁신,136
사업,으로,335
사업,학기,103
사업,평가,152
사업,하는,206
미래,사업,162
사업,에서,204
사업,지역,204
사업,하고,169
사업,있다,156
사업,인재,143
사업,했다,275
사업,프로그램,116
사업,직업,158
사업,온라인,148
가장,사업,104
사업,상황,120
사업,조사,100
사업,운영,130
버스,사업,117
사업,제공,124
대학,참여,124
교육,참여,219
으로,참여,100
대학,전문,914
교육,전문,538
전문,혁신,193
으로,전문,765
전문,평가,225
전문,하는,457
계획,전문,113
이다,전문,265
미래,전문,127
산업,전문,106
에서,전문,484
전문,지역,184
맞춤,전문,124
경찰,전문,105
다양한,전문,152
전문,하고,432
있다,전문,418
위해,전문,151
인재,전문,168
전문,정보,159
전문,했다,512
전문,통해,185
전문,프로그램,188
양성,전문,141
복지,전문,100
전문,직업,182
일보,전문,107
Segye.com,전문,107
사람,전문,133
있는,전문,192
이었다,전문,130
전문,코로나,150
온라인,전문,115
김씨,전문,182
까지,전문,122
상황,전문,128
때문,전문,102
운영,전문,179
영상,전문,100
부터,전문,100
메타,전문,203
버스,전문,273
기자,전문,138
이프,전문,182
랜드,전문,182
SKT,전문,126
전문,플랫폼,109
글로벌,전문,105
전문,제공,186
서비스,전문,115
문화,전문,138
전문,채널,114
전문,중심,106
개선,대학,230
개선,교육,140
개선,으로,208
개선,하는,109
개선,에서,123
개선,하고,105
개선,했다,102
개선,버스,102
교육,혁신,444
교육,대학,2171
교육,으로,1618
교육,학기,235
교육,품질,105
교육,인증,123
교육,평가,515
  ,교육,143
교육,하는,1059
교육,기준,120
교육,한다,449
교육,영역,140
교육,하며,145
계획,교육,179
교육,이다,545
교육,또한,144
"),",교육,108
교육,미래,435
교육,산업,200
교육,에서,897
교육,예정,120
교육,지역,521
교육,맞춤,230
경찰,교육,180
교육,대비,151
교육,기술,130
교육,특히,102
교육,장학금,169
교육,다양한,170
교육,제도,146
교육,마련,123
교육,하고,1071
교육,있다,981
교육,위해,382
교육,인재,409
교육,육성,105
교육,에게,301
교육,정보,287
교육,대구,105
교육,했다,1313
교육,수준,181
교육,에서는,159
교육,통해,355
교육,현장,130
교육,능력,119
교육,창의,205
교육,프로그램,385
교육,양성,319
교육,환경,215
교육,복지,174
교육,재정,130
교육,집중,169
교육,함께,117
교육,직업,483
교육,접수,112
교육,하면,107
교육,된다,175
교육,일보,234
Segye.com,교육,234
교육,이런,114
교육,시절,144
교육,사람,200
교육,있는,426
교육,이었다,213
교육,코로나,520
19,교육,285
교육,사태,101
교육,온라인,377
교육,됐다,208
교육,김씨,310
교육,지난,207
교육,에도,178
교육,인지,104
교육,까지,276
가장,교육,282
교육,대한,252
교육,상황,322
교육,이번,217
교육,없는,125
교육,더욱,144
교육,국내,114
교육,이어,163
경우,교육,114
교육,현재,149
같은,교육,105
교육,만족도,170
교육,대상,114
교육,조사,235
교육,라고,146
교육,시간,142
교육,진로,110
교육,하기,126
교육,상담,230
교육,이나,167
교육,도움,180
교육,때문,263
교육,해야,183
교육,이유,114
교육,자격증,105
교육,운영,419
관리,교육,146
교육,영상,208
교육,만큼,107
교육,직접,100
교육,필요한,131
강화,교육,130
공인,교육,105
교육,부터,209
교육,메타,145
교육,버스,270
교육,기자,317
교육,이프,130
교육,랜드,130
교육,시스템,243
교육,플랫폼,185
교육,선도,183
교육,글로벌,203
교육,대표,115
교육,밝혔다,126
교육,있도록,301
교육,자신,160
교육,이용,121
교육,제공,390
교육,모두,205
교육,서비스,204
교육,주도,130
교육,역할,207
교육,데이터,130
교육,문화,242
교육,주관,107
교육,현실,110
"’,",교육,110
교육,국민,130
교육,해외,134
교육,채널,199
교육,받고,100
교육,동안,173
교육,중심,234
교육,대학교,158
교육,기반,155
교육,이제,130
교육,노력,126
대학,혁신,732
으로,혁신,590
평가,혁신,174
하는,혁신,363
이다,혁신,153
미래,혁신,119
에서,혁신,357
지역,혁신,146
하고,혁신,363
있다,혁신,330
위해,혁신,128
인재,혁신,130
정보,혁신,118
했다,혁신,476
통해,혁신,117
프로그램,혁신,147
양성,혁신,114
직업,혁신,156
있는,혁신,122
이었다,혁신,126
코로나,혁신,123
김씨,혁신,134
운영,혁신,148
기자,혁신,128
제공,혁신,143
대학,학기,472
으로,학기,397
하는,학기,261
학기,한다,121
이다,학기,228
에서,학기,197
지역,학기,138
하고,학기,264
있다,학기,233
학기,했다,258
통해,학기,117
있는,학기,152
코로나,학기,200
19,학기,118
온라인,학기,104
메타,학기,145
버스,학기,150
이프,학기,130
랜드,학기,130
대학,품질,202
으로,품질,160
품질,하는,119
품질,하고,113
있다,품질,102
품질,했다,107
대학,인증,346
으로,인증,286
인증,하는,159
이다,인증,121
에서,인증,187
인증,하고,137
인증,있다,133
인증,했다,167
메타,인증,116
버스,인증,131
이프,인증,104
랜드,인증,104
대학,평가,590
으로,평가,413
평가,하는,279
평가,한다,125
이다,평가,164
미래,평가,131
에서,평가,228
지역,평가,167
맞춤,평가,105
평가,하고,309
있다,평가,298
위해,평가,109
인재,평가,147
정보,평가,134
평가,했다,293
통해,평가,101
평가,프로그램,162
양성,평가,126
직업,평가,171
있는,평가,130
코로나,평가,141
온라인,평가,112
김씨,평가,150
상황,평가,116
때문,평가,101
운영,평가,162
버스,평가,147
제공,평가,159
문화,평가,113
면접,으로,128
대학,면접,146
수능,으로,104
대학,수능,121
기준,하는,127
기준,으로,232
기준,이다,134
기준,에서,129
기준,하고,141
기준,있다,126
기준,대학,280
기준,했다,108
기준,메타,116
기준,버스,126
기준,이프,104
기준,랜드,104
으로,적용,135
에서,적용,107
대학,적용,114
메타,적용,116
버스,적용,126
이프,적용,104
랜드,적용,104
영역,으로,163
에서,영역,107
대학,영역,186
버스,영역,112
계획,이다,169
계획,에서,174
계획,지역,112
계획,하는,131
계획,다양한,146
계획,하고,132
계획,있다,127
계획,대학,199
계획,했다,100
계획,통해,101
계획,으로,249
계획,있는,105
계획,메타,290
계획,버스,300
계획,이프,260
계획,랜드,260
SKT,계획,134
계획,플랫폼,135
계획,이용자,100
대학,또한,174
또한,했다,102
또한,으로,142
미래,에서,195
미래,이다,135
미래,지역,197
미래,하는,272
미래,한다,109
미래,하고,276
미래,있다,212
미래,인재,130
대학,미래,511
미래,했다,356
미래,으로,407
미래,직업,149
미래,있는,116
미래,코로나,184
미래,온라인,149
가장,미래,101
미래,상황,110
미래,조사,102
미래,운영,115
미래,제공,103
산업,에서,212
산업,이다,148
산업,하는,198
산업,하고,193
산업,있다,180
대학,산업,388
산업,했다,210
산업,으로,338
산업,있는,100
메타,산업,145
버스,산업,165
산업,이프,130
랜드,산업,130
지역,하는,448
지역,한다,189
다양한,지역,137
지역,하고,445
있다,지역,342
위해,지역,156
인재,지역,172
에게,지역,131
이다,지역,303
대학,지역,801
지역,했다,472
에서,지역,348
지역,통해,148
으로,지역,668
지역,프로그램,123
양성,지역,103
지역,직업,179
있는,지역,237
지역,코로나,310
19,지역,170
온라인,지역,191
지난,지역,110
까지,지역,113
가장,지역,124
대한,지역,111
상황,지역,152
조사,지역,129
때문,지역,104
운영,지역,141
메타,지역,174
버스,지역,199
기자,지역,108
이프,지역,156
랜드,지역,156
SKT,지역,108
시스템,지역,105
지역,플랫폼,142
있도록,지역,127
제공,지역,138
서비스,지역,106
맞춤,하는,161
맞춤,하고,156
맞춤,있다,156
대학,맞춤,355
맞춤,했다,231
맞춤,에서,202
맞춤,으로,303
경찰,하는,104
경찰,있다,110
경찰,대학,256
경찰,했다,123
경찰,에서,154
경찰,으로,214
대학,행정,155
으로,행정,123
대비,하는,109
대비,하고,111
대비,대학,208
대비,했다,130
대비,으로,182
기술,하고,118
기술,대학,175
기술,했다,102
기술,하는,108
기술,으로,143
다양한,장학금,109
장학금,하고,176
있다,장학금,151
이다,장학금,175
대학,장학금,361
장학금,통해,110
장학금,하는,170
있는,장학금,121
장학금,코로나,130
메타,장학금,174
버스,장학금,184
이프,장학금,156
랜드,장학금,156
SKT,장학금,108
제도,하고,126
있다,제도,108
대학,제도,238
제도,했다,141
제도,하는,123
으로,제도,180
대학,선린,111
선린,으로,111
위해,인재,127
인재,하고,347
인재,있다,315
이다,인재,198
대학,인재,753
인재,했다,415
에서,인재,324
인재,통해,136
인재,하는,364
으로,인재,587
인재,프로그램,117
인재,직업,141
인재,있는,158
인재,코로나,186
온라인,인재,120
까지,인재,102
상황,인재,105
운영,인재,123
메타,인재,116
버스,인재,151
기자,인재,103
이프,인재,104
랜드,인재,104
인재,제공,122
대학,육성,218
육성,했다,124
에서,육성,107
육성,하는,110
육성,으로,174
대학,일부,159
으로,일부,124
대학,제외,109
으로,제외,100
대학,지급,112
으로,지급,106
대학,발표,173
발표,으로,140
대학,정보,197
에서,정보,118
으로,정보,158
정보,프로그램,118
정보,직업,101
김씨,정보,124
운영,정보,108
버스,정보,108
정보,제공,111
대학,취업률,129
으로,취업률,110
대학,차지,125
으로,차지,111
대학,수준,326
수준,에서,145
수준,했다,180
수준,이다,134
수준,하는,187
수준,으로,273
수준,하고,192
수준,있다,170
수준,있는,102
수준,코로나,117
으로,직장,105
대학,직장,115
으로,인성,158
대학,인성,171
으로,현장,137
대학,현장,173
능력,하는,111
능력,으로,193
능력,대학,181
능력,했다,115
능력,하고,111
능력,에서,106
으로,창의,265
대학,창의,344
창의,했다,196
창의,하고,185
있다,창의,166
에서,창의,133
창의,하는,183
으로,프로그램,487
양성,프로그램,106
대학,프로그램,522
프로그램,했다,391
프로그램,하고,258
있다,프로그램,233
직업,프로그램,137
에서,프로그램,313
이었다,프로그램,124
김씨,프로그램,136
프로그램,하는,260
이다,프로그램,103
운영,프로그램,136
버스,프로그램,113
기자,프로그램,115
제공,프로그램,136
으로,창업,106
대학,창업,128
대학,핵심,122
으로,핵심,115
대학,양성,617
양성,으로,454
양성,했다,356
양성,하고,273
양성,있다,272
양성,직업,111
양성,에서,271
양성,하는,298
양성,이다,111
양성,운영,106
양성,제공,103
대학,등록금,156
등록금,으로,151
하고,환경,112
대학,환경,231
으로,환경,194
했다,환경,146
에서,환경,123
하는,환경,108
대학,복지,168
복지,으로,139
대학,재정,158
으로,재정,133
집중,하고,138
있다,집중,122
대학,집중,279
으로,집중,220
집중,했다,168
에서,집중,127
집중,하는,149
대학,인정,115
직업,했다,469
직업,통해,102
대학,직업,742
있는,직업,120
에서,직업,321
이었다,직업,105
직업,코로나,155
온라인,직업,125
김씨,직업,110
직업,하고,351
까지,직업,101
가장,직업,100
으로,직업,570
직업,하는,369
상황,직업,106
있다,직업,330
이다,직업,130
위해,직업,125
에게,직업,100
운영,직업,147
기자,직업,126
제공,직업,138
직업,한다,103
대학,시절,151
대학,이야기,119
으로,이야기,122
대학,사람,259
사람,에서,193
사람,하고,120
사람,으로,244
사람,하는,123
사람,했다,131
사람,있다,120
사람,이다,101
메타,사람,145
버스,사람,180
사람,이프,130
랜드,사람,130
메타,세상,174
버스,세상,174
세상,이프,156
랜드,세상,156
대학,사태,176
사태,으로,159
사태,했다,108
온라인,하고,216
에서,온라인,149
대학,온라인,309
온라인,코로나,193
온라인,으로,323
온라인,하는,211
온라인,했다,242
상황,온라인,111
온라인,있다,143
온라인,이다,174
온라인,있는,133
메타,온라인,116
버스,온라인,126
온라인,이프,104
랜드,온라인,104
온라인,플랫폼,103
온라인,한다,106
김씨,하고,163
김씨,에서,292
김씨,대학,437
김씨,으로,406
김씨,하는,201
김씨,했다,236
김씨,있다,183
김씨,이었다,100
김씨,운영,122
김씨,버스,118
김씨,제공,126
김씨,문화,102
가장,으로,343
가장,하는,231
가장,했다,255
가장,대학,471
가장,코로나,143
가장,있다,237
가장,하고,250
가장,이다,146
가장,있는,103
가장,에서,172
가장,한다,134
대부분,으로,185
대부분,대학,117
대부분,이다,134
대부분,에서,120
대부분,메타,174
대부분,버스,174
대부분,이프,156
대부분,랜드,156
SKT,대부분,108
다양한,대부분,102
으로,친구,101
대학,친구,101
대학,보고,138
대학,해도,156
으로,해도,125
대학,상황,284
상황,코로나,117
상황,있다,131
상황,하는,156
상황,하고,155
상황,이다,148
상황,으로,277
상황,있는,111
상황,했다,175
상황,에서,167
메타,상황,145
버스,상황,165
상황,이프,130
랜드,상황,130
으로,지속,119
메타,지속,203
버스,지속,208
이프,지속,182
랜드,지속,182
대학,연속,185
연속,으로,174
연속,했다,110
에서,연속,103
더욱,코로나,100
대학,더욱,260
더욱,이다,157
더욱,하고,169
더욱,있다,154
더욱,으로,255
더욱,하는,159
더욱,있는,106
더욱,했다,131
더욱,에서,146
더욱,메타,174
더욱,버스,174
더욱,이프,156
더욱,랜드,156
다양한,더욱,101
국내,이다,103
국내,으로,130
국내,메타,203
국내,버스,213
국내,이프,182
국내,랜드,182
경우,하고,100
경우,으로,150
경우,대학,161
으로,현재,181
하는,현재,103
대학,현재,213
했다,현재,118
에서,현재,119
수도권,으로,131
대학,수도권,147
다른,대학,114
만족도,있다,161
만족도,으로,279
대학,만족도,282
만족도,했다,160
만족도,코로나,120
만족도,에서,146
만족도,이다,153
만족도,하는,190
만족도,있는,111
만족도,하고,194
만족도,메타,116
만족도,버스,121
만족도,이프,104
랜드,만족도,104
대학,조사,295
으로,조사,248
조사,했다,168
조사,코로나,124
에서,조사,112
이다,조사,116
조사,하는,173
있다,조사,155
조사,하고,181
조사,한다,103
메타,행사,203
버스,행사,203
이프,행사,182
랜드,행사,182
대학,진로,123
으로,진로,135
상담,했다,128
대학,상담,169
상담,으로,163
상담,하는,106
상담,하고,101
대학,도움,195
도움,으로,129
때문,이다,105
때문,으로,250
때문,하는,165
대학,때문,312
때문,했다,186
때문,있다,153
때문,하고,161
때문,에서,132
으로,이유,120
대학,이유,144
으로,자격증,154
대학,자격증,152
자격증,했다,107
에서,자격증,113
운영,하는,217
운영,으로,348
운영,했다,269
대학,운영,419
운영,있다,196
운영,하고,211
에서,운영,204
운영,제공,133
관리,으로,154
관리,했다,117
관리,대학,155
영상,으로,158
영상,했다,102
대학,영상,190
에서,영상,126
만큼,으로,107
대학,만큼,122
으로,직접,114
메타,직접,145
버스,직접,150
이프,직접,130
랜드,직접,130
강화,으로,122
강화,대학,136
메타,방침,116
방침,버스,116
방침,이프,104
랜드,방침,104
메타,버스,841
메타,에서,223
메타,이프,754
랜드,메타,754
SKT,메타,261
마켓,메타,116
메타,제작,116
메타,플랫폼,348
메타,팬미팅,116
메타,이벤트,174
메타,통해,168
메타,이다,237
메타,버전,145
메타,연내,116
메타,출시,203
글로벌,메타,145
메타,진출,116
대표,메타,232
메타,으로,241
메타,아바타,116
누구,메타,116
메타,있는,123
다양한,메타,277
고객,메타,116
메타,이용자,290
메타,예정,124
메타,서비스,232
메타,있다,129
메타,콘텐츠,116
디바이스,메타,116
버스,에서,278
버스,이프,754
랜드,버스,754
SKT,버스,261
마켓,버스,116
버스,시스템,102
버스,제작,121
버스,플랫폼,348
버스,하고,118
대학,버스,160
버스,팬미팅,116
버스,이벤트,174
버스,통해,178
버스,이다,252
버스,버전,145
버스,연내,116
버스,출시,203
글로벌,버스,165
버스,진출,116
대표,버스,242
버스,으로,306
버스,아바타,116
누구,버스,121
버스,있는,133
다양한,버스,282
버스,하는,110
고객,버스,116
버스,이용자,290
버스,예정,134
버스,제공,137
버스,서비스,247
버스,있다,178
문화,버스,127
버스,콘텐츠,116
디바이스,버스,116
랜드,이프,676
SKT,이프,222
마켓,이프,104
이프,제작,104
이프,플랫폼,312
이프,팬미팅,104
이벤트,이프,156
이프,통해,147
이다,이프,200
버전,이프,130
연내,이프,104
이프,출시,182
글로벌,이프,130
이프,진출,104
대표,이프,208
으로,이프,207
아바타,이프,104
누구,이프,104
이프,있는,107
에서,이프,196
다양한,이프,240
고객,이프,104
이용자,이프,260
예정,이프,110
서비스,이프,208
이프,있다,117
이프,콘텐츠,104
디바이스,이프,104
SKT,랜드,222
랜드,마켓,104
랜드,제작,104
랜드,플랫폼,312
랜드,팬미팅,104
랜드,이벤트,156
랜드,통해,147
랜드,이다,200
랜드,버전,130
랜드,연내,104
랜드,출시,182
글로벌,랜드,130
랜드,진출,104
대표,랜드,208
랜드,으로,207
랜드,아바타,104
누구,랜드,104
랜드,있는,107
랜드,에서,196
다양한,랜드,240
고객,랜드,104
랜드,이용자,260
랜드,예정,110
랜드,서비스,208
랜드,있다,117
랜드,콘텐츠,104
디바이스,랜드,104
시스템,하고,162
대학,시스템,293
시스템,이다,106
시스템,으로,259
시스템,에서,157
시스템,하는,174
시스템,있다,151
플랫폼,하고,160
대학,플랫폼,174
통해,플랫폼,115
이다,플랫폼,188
대표,플랫폼,101
으로,플랫폼,251
있는,플랫폼,121
SKT,플랫폼,144
에서,플랫폼,169
다양한,플랫폼,162
플랫폼,하는,147
이용자,플랫폼,120
서비스,플랫폼,111
있다,플랫폼,148
선도,하고,131
선도,으로,245
선도,에서,162
선도,하는,161
대학,선도,330
선도,있다,141
글로벌,으로,211
글로벌,에서,135
글로벌,하고,120
글로벌,하는,123
글로벌,대학,232
글로벌,있다,124
대표,으로,114
자신,하고,145
있다,자신,133
고객,으로,122
고객,대학,135
다양한,이용자,103
으로,제공,139
대학,제공,140
모두,으로,154
대학,모두,164
서비스,있다,113
으로,주도,192
에서,주도,138
있다,주도,104
대학,주도,215
주도,하는,106
역할,으로,206
에서,역할,108
역할,하고,157
역할,있다,132
대학,역할,267
역할,하는,152
문화,에서,226
문화,하는,198
문화,있다,195
문화,으로,335
문화,하고,177
주관,하는,103
있다,주관,100
에서,주관,111
으로,주관,166
으로,채널,151
에서,채널,124
동안,으로,129
으로,중심,223
있다,중심,120
에서,중심,129
대학교,으로,143
기반,으로,191
기반,에서,103
세계,총장,117
세계,장애,210
무단,총장,102
무단,장애,187
배포,총장,102
배포,장애,187
금지,총장,102
금지,장애,187
총장,학생,332
요구,학생,129
문제,학생,167
발전,학생,137
달성,학생,160
준비,학생,249
취득,학생,105
산학,학생,228
학생,협력,301
에는,학생,101
우리,학생,280
융합,학생,126
장애,학생,950
실태,학생,130
최우수,학생,253
계층,학생,119
학생,홍보,130
개발,학생,129
시험,학생,170
구축,학생,210
분야,학생,177
이라고,학생,169
대구대,학생,103
특수교육,학생,253
받았다,학생,156
센터,학생,408
김덕용,학생,105
유튜브,학생,171
설명,학생,162
경영학,학생,203
교육,남이공,114
교육,총장,410
교육,요구,116
교육,문제,228
교육,위기,131
교육,면서,105
교육,발전,139
교육,달성,142
교육,준비,274
과를,교육,102
교육,산학,164
교육,협력,239
교육,에는,113
교육,우리,313
교육,융합,203
교육,장애,589
교육,최우수,164
계층,교육,189
교육,자체,118
개발,교육,116
교육,시험,145
교육,구축,214
교육,분야,191
교육,이라고,207
교육,특수교육,164
교육,받았다,132
교육,센터,289
교육,유튜브,114
교육,설명,118
경영학,교육,164
남이공,하는,106
남이공,대학,192
남이공,했다,101
남이공,으로,126
남이공,하고,114
대학,대학교,215
대학교,했다,115
사회,총장,186
총장,하는,248
대학,총장,480
생활,총장,112
총장,했다,351
신입생,총장,119
으로,총장,302
총장,하고,200
총장,평가,116
에서,총장,182
직업,총장,100
지역,총장,115
총장,한다,117
지원,총장,196
온라인,총장,105
우리,총장,121
미래,총장,115
총장,코로나,171
19,총장,115
총장,학과,112
있다,총장,168
이다,총장,121
문제,사회,134
사회,준비,162
사회,우리,185
사회,융합,127
사회,장애,165
계층,사회,123
구축,사회,110
분야,사회,105
사회,이라고,115
사회,센터,101
대학,요구,123
전문,협력,101
장애,전문,324
센터,전문,138
인재,장애,162
양성,장애,185
생활,장애,302
생활,센터,130
장애,환경,117
운영,장애,231
센터,운영,103
장애,혁신,254
센터,혁신,112
대학,문제,215
문제,으로,159
문제,하고,117
문제,했다,141
문제,지역,105
문제,지원,143
문제,하는,116
대학,위기,130
대학,충격,102
대학,면서,181
면서,으로,116
면서,했다,106
발전,했다,113
대학,발전,198
발전,으로,136
발전,지원,112
발전,하는,106
대학,동안,151
동안,했다,122
달성,대학,200
달성,에서,102
달성,했다,134
달성,으로,152
달성,지원,120
장애,전국,141
역량,장애,142
장애,평가,279
센터,평가,123
대학,준비,278
으로,준비,228
준비,지역,127
준비,하고,151
에서,준비,104
준비,지원,188
사업,준비,105
준비,했다,213
미래,준비,110
준비,하는,151
준비,코로나,120
준비,학과,104
있다,준비,129
모든,장애,140
글로벌,했다,152
우리,직업,103
장애,직업,209
센터,직업,101
대학,명문,131
우리,지역,143
융합,지역,100
장애,지역,116
대학,취득,107
산학,지원,178
지원,협력,240
우리,지원,205
융합,지원,111
장애,지원,739
지원,최우수,195
계층,지원,108
시험,지원,131
구축,지원,174
분야,지원,142
이라고,지원,128
지원,특수교육,195
받았다,지원,119
센터,지원,321
유튜브,지원,131
설명,지원,114
경영학,지원,161
산학,했다,178
대학,산학,256
산학,에서,141
산학,하는,123
산학,으로,212
산학,장애,116
산학,있다,116
산학,하고,119
했다,협력,238
대학,협력,331
에서,협력,170
하는,협력,159
으로,협력,273
장애,협력,139
학과,협력,119
있다,협력,138
하고,협력,150
교수,협력,109
사업,우리,118
사업,장애,139
온라인,우리,113
대학,우리,339
미래,우리,125
우리,하는,201
우리,으로,247
에서,우리,121
우리,코로나,137
우리,했다,219
우리,학과,115
우리,있다,153
우리,이다,108
우리,하고,178
교수,우리,109
융합,하는,115
대학,융합,198
융합,으로,150
융합,코로나,104
융합,했다,134
융합,하고,130
선도,장애,117
선도,했다,196
대학생,장애,231
복지,장애,139
에서,장애,197
장애,최우수,139
대학,장애,408
장애,하는,143
으로,장애,284
장애,했다,171
장애,학과,347
있다,장애,184
장애,하고,164
장애,특수교육,139
교수,장애,323
센터,장애,208
시절,장애,116
장애,채널,162
영상,장애,140
입시,장애,139
대학,최우수,100
계층,으로,251
계층,했다,209
계층,코로나,134
계층,대학,376
계층,에서,105
계층,있다,198
계층,하는,188
계층,한다,134
계층,이다,107
계층,하고,214
센터,학과,155
대학,자체,129
시스템,했다,193
개발,했다,111
개발,대학,135
개발,으로,115
대학,시험,242
시험,있다,129
시험,하고,119
구축,있다,107
구축,했다,163
구축,대학,228
구축,하는,129
구축,으로,189
구축,에서,101
구축,하고,125
대학,의미,124
대학,분야,216
분야,하는,129
분야,했다,133
분야,하고,129
분야,으로,148
대학,특수교육,111
교수,센터,143
센터,했다,286
센터,에서,219
대학,센터,430
센터,하고,187
센터,으로,343
대학,유튜브,124
대학,채널,201
설명,했다,112
설명,으로,134
경영학,했다,118
경영학,으로,166
대학,재학생,140
으로,재학생,106
교육,재학생,102
교육,얘기,127
교육,유학,102
결정,교육,104
교육,이상,231
중심,하는,134
중심,하고,132
중심,했다,186
얘기,하는,133
얘기,으로,184
얘기,하고,152
얘기,있다,147
얘기,했다,145
얘기,한다,100
준비,취업,131
이상,취업,113
유학,지원,129
결정,했다,114
결정,으로,134
결정,하고,105
결정,있다,106
으로,이상,285
이상,했다,233
에서,이상,144
이상,하고,194
이상,있다,185
이상,코로나,106
이상,지원,188
세계,학습,234
세계,장애인,105
무단,학습,207
배포,학습,207
금지,학습,207
계명,대학,118
대학,문화,419
문화,했다,257
문화,학습,202
문화,장애,184
대학교,학습,101
대학,수립,123
학습,혁신,281
장애인,혁신,127
있었다,혁신,100
사업,학습,162
미래,학습,113
인재,학습,183
양성,학습,204
직업,학습,234
장애인,직업,108
교육,체계,150
교육,배출,100
교육,성과,186
교육,학습,652
교육,측은,125
교육,자기,175
교육,특성,175
교육,인력,100
가상,교육,125
교육,통한,125
교육,화상,100
교육,않고,120
공무원,교육,125
교육,명의,100
교육,대기업,125
교육,학사,100
과정,교육,152
교육,적응,100
교육,교육과정,102
교육,향상,100
교육,국제,100
교육,포인트,100
교육,상승,100
교육,통합,225
교육,시각장애인,100
교육,모습,125
교육,장애인,300
교육,방식,102
개설,교육,125
갖고,교육,101
교육,하지,162
교육,정도,127
교육,승용차,100
경찰서,교육,125
교육,사고,200
교육,당시,100
교육,차량,150
교육,도로,100
교육,인하,175
교육,박싱,100
교육,소개,127
교육,있었다,193
 “,교육,115
교육,인천,100
교육,파출소,200
교육,출입,100
간판,교육,100
교육,대응,175
교육,차례,100
교육,종합,100
교육,부문,100
교육,웨이,102
교육,박람회,125
교육,의대,125
교육,작성,100
교육,신청,127
선도,학습,126
산업,학습,103
공동체,대학,127
공동체,학생,106
사회,학습,194
사회,이상,125
사회,통합,123
대응,사회,109
소통,학습,101
학습,협력,153
글로벌,학습,102
지원,체계,175
대학,체계,210
에서,체계,109
으로,체계,168
체계,학습,126
체계,했다,139
체계,학생,221
장애,체계,115
센터,취업,109
취업,학습,239
취업,통합,111
장애,취업,207
장애인,취업,113
문제,취업,107
우리,취업,144
총장,취업,102
배출,지원,128
지원,학습,815
지원,측은,126
자기,지원,190
지원,특성,139
공무원,지원,160
명의,지원,111
적응,지원,128
교육과정,지원,111
지원,향상,111
지원,통합,186
시각장애인,지원,128
모습,지원,126
장애인,지원,367
방식,지원,111
개설,지원,126
승용차,지원,128
경찰서,지원,160
사고,지원,239
당시,지원,128
지원,차량,192
도로,지원,111
인하,지원,190
박싱,지원,128
소개,지원,126
있었다,지원,152
 “,지원,110
지원,파출소,256
대응,지원,122
웨이,지원,128
박람회,지원,160
전문,학습,355
장애인,전문,159
사고,전문,103
있었다,전문,101
전문,파출소,112
대학,배출,190
배출,에서,102
배출,으로,153
배출,학습,100
배출,했다,125
배출,학생,164
대학,주관,214
주관,학습,101
주관,했다,128
센터,있다,199
센터,학습,227
센터,하는,216
센터,캠퍼스,101
센터,프로그램,107
센터,제공,100
센터,장애인,101
김씨,센터,108
맞춤,학습,201
맞춤,장애,184
모든,학습,151
역량,학습,151
교육부,학습,102
교수,학습,359
교수,장애인,162
교수,사고,106
교수,있었다,104
교수,파출소,112
대학,학습,797
평가,학습,308
지역,학습,140
학습,했다,476
산학,학습,126
하는,학습,360
으로,학습,614
있다,학습,382
자기,학습,127
주도,학습,125
위해,학습,129
하고,학습,349
학생,학습,1049
상담,학습,129
관련,학습,106
또한,학습,101
캠퍼스,학습,238
운영,학습,256
프로그램,학습,279
공무원,학습,125
선발,학습,100
에서,학습,410
학습,합격,151
까지,학습,143
전국,학습,156
학습,해외,125
경찰,학습,175
제공,학습,255
중심,학습,154
적응,학습,100
학과,학습,384
학습,환경,128
학습,현장,101
생활,학습,332
자격증,학습,100
에서는,학습,117
영역,학습,125
기자,학습,162
일보,학습,121
Segye.com,학습,121
장애,학습,575
가장,학습,107
시각장애인,학습,100
진행,학습,107
이었다,학습,156
유튜브,학습,100
채널,학습,175
사람,학습,175
장애인,학습,276
김씨,학습,300
생각,학습,133
영상,학습,151
입학,학습,103
특수교육,학습,150
복지,학습,150
경영학,학습,102
때문,학습,133
도움,학습,127
이다,학습,111
상황,학습,110
학교,학습,130
대학생,학습,252
버스,학습,125
승용차,학습,100
이번,학습,110
경찰서,학습,125
사고,학습,176
당시,학습,100
차량,학습,150
만큼,학습,101
  ,학습,124
접수,학습,100
인하,학습,127
박싱,학습,100
정보,학습,252
입시,학습,155
시절,학습,125
있었다,학습,115
파출소,학습,200
최우수,학습,150
웨이,학습,101
유학,학습,100
박람회,학습,125
장애인,평가,138
이상,지역,100
측은,학생,155
대학,측은,174
으로,측은,136
측은,했다,105
자기,학생,237
자기,하는,102
대학,자기,206
에서,자기,120
으로,자기,182
자기,했다,150
자기,장애,115
주도,했다,147
장애,주도,115
역할,했다,168
성공,학생,123
특성,학생,162
가상,학생,105
통한,학생,105
학생,화상,114
로부터,학생,106
공무원,학생,205
명의,학생,139
성과,학생,101
대기업,학생,105
편입,학생,139
이상,학생,227
학사,학생,114
과정,학생,115
적응,학생,164
교육과정,학생,147
지도,학생,123
학생,향상,139
포인트,학생,114
통합,학생,219
으로도,학생,107
시각장애인,학생,164
모습,학생,155
장애인,학생,467
미디어,학생,123
방식,학생,147
개설,학생,155
하지,학생,111
다짐,학생,106
학생,혼자,123
정도,학생,113
저수지,학생,123
공유,학생,131
승용차,학생,164
추락,학생,123
학생,후배,123
경찰서,학생,205
사고,학생,303
당시,학생,164
차량,학생,246
도서관,학생,123
기도,학생,123
도로,학생,139
인하,학생,237
박싱,학생,164
인하대,학생,104
소개,학생,163
학생,학우,123
기억,학생,123
있었다,학생,245
파출소,학생,328
경찰관,학생,123
500원,학생,108
대응,학생,137
차례,학생,114
부문,학생,114
학생,휠체어,123
우석대,학생,123
웨이,학생,172
유학,학생,164
박람회,학생,205
의대,학생,105
신청,학생,113
대학,성공,127
성공,으로,105
특성,하고,146
특성,하는,155
있다,특성,128
대학,특성,236
으로,특성,183
특성,했다,145
상담,장애,115
대학,인력,115
가상,대학,126
가상,으로,107
준비,캠퍼스,110
장애,캠퍼스,207
장애인,캠퍼스,109
우리,캠퍼스,123
대학,통한,184
통한,하는,104
으로,통한,136
통한,했다,110
통한,하고,112
운영,장애인,116
수업,준비,102
수업,우리,118
수업,총장,102
장애,프로그램,253
장애인,프로그램,125
대학,로부터,103
공무원,에서,127
공무원,대학,216
공무원,으로,188
공무원,했다,155
공무원,장애,115
장애,합격,138
대학,지금,133
으로,지금,100
대학,명의,124
명의,으로,105
대기업,대학,170
대기업,으로,138
대기업,했다,116
대기업,하고,102
장애,해외,115
대학,편입,105
대학,이상,372
이상,하는,184
으로,학사,103
대학,학사,116
경찰,장애,161
장애,제공,230
장애인,제공,115
대학,중심,254
장애,중심,138
대학,적응,125
으로,적응,109
대학,인프라,103
기반,대학,235
기반,있다,124
기반,했다,153
기반,하고,138
기반,하는,126
교육과정,했다,102
교육과정,으로,123
교육과정,대학,135
장애인,학과,174
사고,학과,114
있었다,학과,121
파출소,학과,120
생활,장애인,148
생활,파출소,104
국제,으로,115
국제,대학,145
포인트,했다,111
으로,포인트,138
대학,포인트,174
상승,했다,100
상승,으로,128
대학,상승,175
상승,하고,105
영역,장애,115
대학,통합,118
으로,통합,105
통합,했다,104
사람,장애,161
장애,장애인,253
김씨,장애,276
생각,장애,115
때문,장애,115
도움,장애,115
장애,학교,115
버스,장애,115
경찰서,장애,115
사고,장애,161
장애,차량,138
인하,장애,115
장애,정보,230
까지,장애,106
장애,파출소,184
박람회,장애,115
으로,이제,106
대학,이제,135
시각장애인,으로,116
대학,시각장애인,132
모습,으로,111
대학,모습,149
대학,설명,168
장애인,했다,197
김씨,장애인,132
있다,장애인,149
에서,장애인,205
으로,장애인,291
장애인,하는,160
장애인,하고,146
대학,장애인,348
대학생,장애인,112
장애인,정보,111
대학,방식,101
개설,대학,127
경영학,대학,195
경영학,에서,101
거의,대학,125
으로,정도,120
대학,정도,150
대학,승용차,115
경찰서,대학,123
사고,에서,137
사고,으로,201
사고,하는,103
대학,사고,247
사고,했다,102
사고,있다,111
당시,대학,112
으로,차량,127
대학,차량,153
모두,했다,110
대학,지점,120
대학,도로,126
으로,인하,108
대학,인하,148
대학,박싱,107
대학,소개,104
결정,하는,100
결정,대학,197
대학,파출소,189
대학,출입,102
대학,인지,133
간판,으로,119
간판,대학,183
대응,대학,142
대응,으로,102
대학,종합,156
으로,종합,108
대학,부문,106
대학,의대,216
의대,하는,110
세계,소득,126
무단,소득,105
배포,소득,105
금지,소득,105
대학,로스쿨,724
로스쿨,있는,145
로스쿨,하는,336
됐다,로스쿨,128
로스쿨,이다,228
로스쿨,에서,215
로스쿨,위해,123
로스쿨,소득,252
로스쿨,으로,474
로스쿨,하고,383
로스쿨,있다,359
교육,로스쿨,300
로스쿨,부모,144
로스쿨,에게,143
로스쿨,사회,204
로스쿨,미래,144
로스쿨,한다,239
로스쿨,했다,383
로스쿨,통해,132
로스쿨,캠퍼스,120
로스쿨,이나,120
로스쿨,직업,108
로스쿨,서울,108
로스쿨,우리,108
로스쿨,코로나,228
19,로스쿨,120
로스쿨,취업,168
로스쿨,학생,192
로스쿨,수업,108
로스쿨,온라인,132
로스쿨,지원,180
로스쿨,지역,168
로스쿨,학과,108
로스쿨,추경,144
로스쿨,사업,132
대학,사법고시,123
도입,소득,168
대학,스쿨,122
논란,대학,122
가장,소득,147
소득,학기,147
소득,졸업,147
으로,평균,104
대학,평균,154
소득,얘기,105
소득,통계,126
국민,소득,105
소득,한국,126
소득,신입생,126
소득,전국,126
소득,으로,768
구간,소득,126
소득,조사,168
됐다,소득,151
소득,이상,126
소득,이다,325
대학,소득,1123
비율,소득,126
소득,하면,107
계층,소득,147
소득,하는,568
소득,역할,105
소득,하고,647
소득,있다,609
교육,소득,525
부모,소득,252
소득,이후,105
상황,소득,147
소득,에서,308
소득,에게,225
소득,위해,197
사회,소득,357
때문,소득,105
소득,지난,145
소득,시작,168
문제,소득,147
미래,소득,252
소득,한다,402
소득,없는,118
소득,했다,620
소득,에도,102
까지,소득,113
소득,통해,218
교수,소득,168
소득,전공,147
소득,심사,147
소득,평가,126
소득,캠퍼스,210
소득,이나,184
소득,직업,189
소득,수준,105
부동산,소득,168
결혼,소득,147
소득,준비,168
서울,소득,189
소득,아파트,147
소득,우리,189
모두,소득,105
생활,소득,105
소득,있는,247
부터,소득,137
소득,한다면,101
소득,않고,123
마련,소득,102
소득,플랫폼,105
소득,하지,126
소득,이라고,126
소득,코로나,399
19,소득,210
소득,취업,294
기자,소득,126
만족도,소득,105
소득,전문,105
소득,창의,105
소득,혁신,126
소득,인재,168
소득,융합,147
소득,특성,105
기술,소득,105
소득,학생,336
소득,운영,126
소득,수업,189
소득,진행,105
소득,온라인,231
소득,시스템,105
구축,소득,105
소득,지원,315
소득,일자리,147
대한,소득,147
소득,제공,105
소득,총장,126
소득,있도록,168
생각,소득,105
소득,시대,126
대응,소득,126
성과,소득,147
도계,소득,105
소득,통합,126
분야,소득,105
소득,지역,294
균형발전,소득,126
소득,해야,105
소득,필요한,105
방역,소득,105
소득,참여,105
소득,학과,189
소득,특강,105
소득,추경,252
소득,의사,126
사업,소득,231
데이터,소득,105
으로,자녀,147
대학,자녀,220
자녀,하는,107
자녀,하고,123
있다,자녀,114
교육,자녀,100
자녀,했다,121
대학,얘기,247
국민,대학,122
대학,의원,119
교육,의원,100
으로,의대,149
의대,하고,125
의대,있다,117
의대,했다,121
대학,신청,125
대학,분류,113
구간,으로,225
구간,대학,342
구간,하는,165
구간,하고,189
구간,있다,177
교육,구간,150
구간,사회,102
구간,한다,117
구간,했다,188
구간,코로나,114
대학,동의,118
사다리,하는,106
사다리,하고,121
사다리,있다,112
교육,사다리,100
대학,사다리,209
사다리,했다,113
사다리,으로,141
공고,대학,116
교육,부모,300
교육,나은,100
교육,정권,100
교육,심사,175
교육,부동산,200
결혼,교육,175
교육,아파트,175
교육,한다면,100
가구,교육,100
교육,아이,100
교육,도계,125
과학,교육,102
교육,균형발전,150
교육,졸업생,104
교육,특강,125
교육,추경,300
교육,의사,150
교육,소상,100
부모,에서,168
부모,에게,121
부모,위해,110
부모,이다,173
대학,부모,621
부모,사회,204
미래,부모,144
부모,한다,230
부모,했다,345
부모,으로,432
부모,통해,120
부모,하고,363
부모,캠퍼스,120
부모,이나,100
부모,하는,317
부모,직업,108
부모,서울,108
부모,우리,108
부모,있다,342
부모,있는,141
부모,코로나,228
19,부모,120
부모,취업,168
부모,학생,192
부모,수업,108
부모,온라인,132
부모,지원,180
부모,지역,168
부모,학과,108
부모,추경,144
부모,사업,132
나은,대학,222
나은,했다,120
나은,으로,145
나은,하고,122
나은,하는,106
나은,있다,112
대학,자식,176
으로,자식,114
대학,바로,135
사회,심사,119
부동산,사회,136
결혼,사회,119
사회,아파트,119
균형발전,사회,102
사회,추경,204
사회,의사,102
대학,정권,160
으로,정권,112
대학,드라마,114
대학,스카이,169
스카이,으로,114
대학,캐슬,169
으로,캐슬,114
대학,일종,112
미래,추경,144
대학,무려,103
감사,대학,101
심사,학생,112
심사,지원,105
추경,캠퍼스,120
대학,세습,143
세습,으로,104
직업,추경,108
대학,부동산,365
부동산,하고,233
부동산,있다,219
부동산,했다,203
부동산,으로,268
부동산,한다,145
부동산,하는,206
부동산,코로나,152
부동산,취업,112
부동산,학생,128
부동산,지원,120
부동산,이다,104
부동산,지역,112
결혼,대학,320
결혼,하고,204
결혼,있다,188
결혼,했다,181
결혼,으로,229
결혼,한다,125
결혼,하는,178
결혼,코로나,133
결혼,학생,112
결혼,지원,105
서울,추경,108
대학,예비신부,143
예비신부,으로,105
대학,아파트,324
아파트,하고,205
아파트,있다,198
아파트,했다,185
아파트,으로,244
아파트,한다,132
아파트,하는,182
아파트,코로나,133
아파트,학생,112
아파트,지원,105
대학,이씨,140
으로,이씨,105
우리,추경,108
월급,으로,104
대학,월급,137
가구,으로,132
가구,하는,104
가구,있다,108
가구,했다,100
가구,대학,180
가구,하고,116
대학,도시,103
대학,주택,135
아이,있다,102
아이,으로,124
대학,아이,180
아이,하고,116
아이,하는,100
추경,취업,168
추경,학생,192
수업,추경,108
온라인,추경,132
지원,추경,180
도계,하는,108
도계,하고,106
도계,으로,104
대학,도계,144
지역,추경,168
균형발전,대학,154
균형발전,으로,110
균형발전,하고,109
균형발전,했다,104
추경,학과,108
사업,추경,132
